aggregate_output_tps,combo,completed_ids,completed_instances,concurrency,dataset,empty_patch_ids,empty_patch_instances,error,error_ids,error_instances,failures,file,filtered_context,filtered_context_ids,gen_s_p50,gen_s_p95,incomplete_ids,instance_ids,invalid_patch_examples,itl_s_p50,itl_s_p95,max_input_tokens,max_model_len,max_tokens,model,n_error,n_filtered_context,n_instances,n_invalid_patch,n_nonempty_patch,n_requested_instances,output_tps_per_request_p50,preds_file,prompt_tokens_target,report,resolved_ids,resolved_instances,returncode,run_id,schema_version,started_at,status,submitted_ids,submitted_instances,successes,task,total_instances,total_output_tokens,ttft_s_p50,ttft_s_p95,unresolved_ids,unresolved_instances,wall_clock_s
3606.71,,,,128,,,,,,,0,/home/etri/jun/bench-gpu/results/meta-llama__Llama-3.1-8B-Instruct/memsweep/memsweep_000.json,,,,,,,,0.03328,0.03342,,,256,meta-llama/Llama-3.1-8B-Instruct,,,,,,,29.5,,1024,,,,,,,,,,,256,memsweep,,55755,0.1921,0.2689,,,15.459
3631.37,,,,128,,,,,,,0,/home/etri/jun/bench-gpu/results/meta-llama__Llama-3.1-8B-Instruct/memsweep/memsweep_001.json,,,,,,,,0.03327,0.03353,,,256,meta-llama/Llama-3.1-8B-Instruct,,,,,,,29.85,,1024,,,,,,,,,,,256,memsweep,,55359,0.1858,0.2737,,,15.245
3678.25,,,,128,,,,,,,0,/home/etri/jun/bench-gpu/results/meta-llama__Llama-3.1-8B-Instruct/memsweep/memsweep_002.json,,,,,,,,0.03276,0.03289,,,256,meta-llama/Llama-3.1-8B-Instruct,,,,,,,29.97,,1024,,,,,,,,,,,256,memsweep,,55012,0.2048,0.298,,,14.956
3642.32,,,,128,,,,,,,0,/home/etri/jun/bench-gpu/results/meta-llama__Llama-3.1-8B-Instruct/memsweep/memsweep_003.json,,,,,,,,0.03292,0.03312,,,256,meta-llama/Llama-3.1-8B-Instruct,,,,,,,29.84,,1024,,,,,,,,,,,256,memsweep,,55214,0.1959,0.2909,,,15.159
2096.08,,,,128,,,,,,,0,/home/etri/jun/bench-gpu/results/meta-llama__Llama-3.1-8B-Instruct/memsweep/memsweep_004.json,,,,,,,,0.02993,0.03008,,,256,meta-llama/Llama-3.1-8B-Instruct,,,,,,,33.17,,1024,,,,,,,,,,,256,memsweep,,55040,6.5142,6.7625,,,26.259
3662.8,,,,128,,,,,,,0,/home/etri/jun/bench-gpu/results/meta-llama__Llama-3.1-8B-Instruct/memsweep/memsweep_005.json,,,,,,,,0.03322,0.03335,,,256,meta-llama/Llama-3.1-8B-Instruct,,,,,,,29.58,,1024,,,,,,,,,,,256,memsweep,,55149,0.1993,0.2932,,,15.057
3646.28,,,,128,,,,,,,0,/home/etri/jun/bench-gpu/results/meta-llama__Llama-3.1-8B-Instruct/memsweep/memsweep_006.json,,,,,,,,0.0333,0.03364,,,256,meta-llama/Llama-3.1-8B-Instruct,,,,,,,29.52,,1024,,,,,,,,,,,256,memsweep,,55152,0.206,0.3161,,,15.126
3512.38,,,,128,,,,,,,0,/home/etri/jun/bench-gpu/results/meta-llama__Llama-3.1-8B-Instruct/memsweep/memsweep_007.json,,,,,,,,0.03335,0.03409,,,256,meta-llama/Llama-3.1-8B-Instruct,,,,,,,29.51,,1024,,,,,,,,,,,256,memsweep,,56897,0.2389,0.3,,,16.199
3606.71,{},,,128,,,,,,,0,/home/etri/jun/bench-gpu/results/meta-llama__Llama-3.1-8B-Instruct/memsweep/memsweep_summary.json,,,,,,,,0.03328,0.03342,,,256,meta-llama/Llama-3.1-8B-Instruct,,,,,,,29.5,,1024,,,,,,,1779263174.6223278,ok,,,256,memsweep,,55755,0.1921,0.2689,,,15.459
3631.37,{'max_model_len': 4096},,,128,,,,,,,0,/home/etri/jun/bench-gpu/results/meta-llama__Llama-3.1-8B-Instruct/memsweep/memsweep_summary.json,,,,,,,,0.03327,0.03353,,,256,meta-llama/Llama-3.1-8B-Instruct,,,,,,,29.85,,1024,,,,,,,1779263251.8871624,ok,,,256,memsweep,,55359,0.1858,0.2737,,,15.245
3678.25,{'max_model_len': 8192},,,128,,,,,,,0,/home/etri/jun/bench-gpu/results/meta-llama__Llama-3.1-8B-Instruct/memsweep/memsweep_summary.json,,,,,,,,0.03276,0.03289,,,256,meta-llama/Llama-3.1-8B-Instruct,,,,,,,29.97,,1024,,,,,,,1779263322.548251,ok,,,256,memsweep,,55012,0.2048,0.298,,,14.956
3642.32,{'max_model_len': 16384},,,128,,,,,,,0,/home/etri/jun/bench-gpu/results/meta-llama__Llama-3.1-8B-Instruct/memsweep/memsweep_summary.json,,,,,,,,0.03292,0.03312,,,256,meta-llama/Llama-3.1-8B-Instruct,,,,,,,29.84,,1024,,,,,,,1779263414.1631563,ok,,,256,memsweep,,55214,0.1959,0.2909,,,15.159
2096.08,{'max_num_seqs': 64},,,128,,,,,,,0,/home/etri/jun/bench-gpu/results/meta-llama__Llama-3.1-8B-Instruct/memsweep/memsweep_summary.json,,,,,,,,0.02993,0.03008,,,256,meta-llama/Llama-3.1-8B-Instruct,,,,,,,33.17,,1024,,,,,,,1779263506.003283,ok,,,256,memsweep,,55040,6.5142,6.7625,,,26.259
3662.8,{'max_num_seqs': 256},,,128,,,,,,,0,/home/etri/jun/bench-gpu/results/meta-llama__Llama-3.1-8B-Instruct/memsweep/memsweep_summary.json,,,,,,,,0.03322,0.03335,,,256,meta-llama/Llama-3.1-8B-Instruct,,,,,,,29.58,,1024,,,,,,,1779263584.9980304,ok,,,256,memsweep,,55149,0.1993,0.2932,,,15.057
3646.28,{'gpu_memory_utilization': 0.85},,,128,,,,,,,0,/home/etri/jun/bench-gpu/results/meta-llama__Llama-3.1-8B-Instruct/memsweep/memsweep_summary.json,,,,,,,,0.0333,0.03364,,,256,meta-llama/Llama-3.1-8B-Instruct,,,,,,,29.52,,1024,,,,,,,1779263655.515539,ok,,,256,memsweep,,55152,0.206,0.3161,,,15.126
3512.38,{'gpu_memory_utilization': 0.95},,,128,,,,,,,0,/home/etri/jun/bench-gpu/results/meta-llama__Llama-3.1-8B-Instruct/memsweep/memsweep_summary.json,,,,,,,,0.03335,0.03409,,,256,meta-llama/Llama-3.1-8B-Instruct,,,,,,,29.51,,1024,,,,,,,1779263726.1235085,ok,,,256,memsweep,,56897,0.2389,0.3,,,16.199
,,,,,,,,,,,,/home/etri/jun/bench-gpu/results/meta-llama__Llama-3.1-8B-Instruct/swebench/eval_result.json,,,,,,,,,,,,,,,,,,,,,,,"{'total_instances': 50, 'submitted_instances': 50, 'completed_instances': 17, 'resolved_instances': 0, 'unresolved_instances': 17, 'empty_patch_instances': 0, 'error_instances': 33, 'completed_ids': ['astropy__astropy-14182', 'astropy__astropy-14365', 'astropy__astropy-14995', 'django__django-12915', 'django__django-16139', 'matplotlib__matplotlib-22835', 'mwaskom__seaborn-2848', 'psf__requests-1963', 'pydata__xarray-3364', 'pydata__xarray-5131', 'pylint-dev__pylint-7993', 'pytest-dev__pytest-11148', 'scikit-learn__scikit-learn-13496', 'scikit-learn__scikit-learn-25570', 'sphinx-doc__sphinx-10451', 'sphinx-doc__sphinx-8506', 'sympy__sympy-18532'], 'incomplete_ids': [], 'empty_patch_ids': [], 'submitted_ids': ['astropy__astropy-12907', 'astropy__astropy-14182', 'astropy__astropy-14365', 'astropy__astropy-14995', 'astropy__astropy-7746', 'django__django-12915', 'django__django-13551', 'django__django-14016', 'django__django-16139', 'django__django-16527', 'matplotlib__matplotlib-22835', 'matplotlib__matplotlib-24149', 'matplotlib__matplotlib-24970', 'matplotlib__matplotlib-25079', 'matplotlib__matplotlib-25498', 'mwaskom__seaborn-2848', 'mwaskom__seaborn-3010', 'mwaskom__seaborn-3190', 'mwaskom__seaborn-3407', 'pallets__flask-4045', 'pallets__flask-4992', 'pallets__flask-5063', 'psf__requests-1963', 'psf__requests-2674', 'psf__requests-3362', 'psf__requests-863', 'pydata__xarray-3364', 'pydata__xarray-4094', 'pydata__xarray-4493', 'pydata__xarray-5131', 'pylint-dev__pylint-5859', 'pylint-dev__pylint-7080', 'pylint-dev__pylint-7228', 'pylint-dev__pylint-7993', 'pytest-dev__pytest-11148', 'pytest-dev__pytest-5413', 'pytest-dev__pytest-5495', 'pytest-dev__pytest-7373', 'scikit-learn__scikit-learn-13496', 'scikit-learn__scikit-learn-13584', 'scikit-learn__scikit-learn-14087', 'scikit-learn__scikit-learn-25570', 'sphinx-doc__sphinx-10451', 'sphinx-doc__sphinx-11445', 'sphinx-doc__sphinx-8506', 'sphinx-doc__sphinx-8627', 'sympy__sympy-17630', 'sympy__sympy-18532', 'sympy__sympy-21847', 'sympy__sympy-24066'], 'resolved_ids': [], 'unresolved_ids': ['astropy__astropy-14182', 'astropy__astropy-14365', 'astropy__astropy-14995', 'django__django-12915', 'django__django-16139', 'matplotlib__matplotlib-22835', 'mwaskom__seaborn-2848', 'psf__requests-1963', 'pydata__xarray-3364', 'pydata__xarray-5131', 'pylint-dev__pylint-7993', 'pytest-dev__pytest-11148', 'scikit-learn__scikit-learn-13496', 'scikit-learn__scikit-learn-25570', 'sphinx-doc__sphinx-10451', 'sphinx-doc__sphinx-8506', 'sympy__sympy-18532'], 'error_ids': ['astropy__astropy-12907', 'astropy__astropy-7746', 'django__django-13551', 'django__django-14016', 'django__django-16527', 'matplotlib__matplotlib-24149', 'matplotlib__matplotlib-24970', 'matplotlib__matplotlib-25079', 'matplotlib__matplotlib-25498', 'mwaskom__seaborn-3010', 'mwaskom__seaborn-3190', 'mwaskom__seaborn-3407', 'pallets__flask-4045', 'pallets__flask-4992', 'pallets__flask-5063', 'psf__requests-2674', 'psf__requests-3362', 'psf__requests-863', 'pydata__xarray-4094', 'pydata__xarray-4493', 'pylint-dev__pylint-5859', 'pylint-dev__pylint-7080', 'pylint-dev__pylint-7228', 'pytest-dev__pytest-5413', 'pytest-dev__pytest-5495', 'pytest-dev__pytest-7373', 'scikit-learn__scikit-learn-13584', 'scikit-learn__scikit-learn-14087', 'sphinx-doc__sphinx-11445', 'sphinx-doc__sphinx-8627', 'sympy__sympy-17630', 'sympy__sympy-21847', 'sympy__sympy-24066'], 'schema_version': 2, '_report_file': '/home/etri/jun/bench-gpu/results/meta-llama__Llama-3.1-8B-Instruct/swebench/meta-llama__Llama-3.1-8B-Instruct.meta-llama__Llama-3.1-8B-Instruct_20260521_133234.json'}",,,0,meta-llama__Llama-3.1-8B-Instruct_20260521_133234,,,,,,,swebench,,,,,,,
,,[],0,,,"['astropy__astropy-12907', 'astropy__astropy-14182', 'astropy__astropy-14365', 'astropy__astropy-14995', 'astropy__astropy-7746', 'django__django-12915', 'django__django-13551', 'django__django-14016', 'django__django-16139', 'django__django-16527', 'matplotlib__matplotlib-22835', 'matplotlib__matplotlib-24149', 'matplotlib__matplotlib-24970', 'matplotlib__matplotlib-25079', 'matplotlib__matplotlib-25498', 'mwaskom__seaborn-2848', 'mwaskom__seaborn-3010', 'mwaskom__seaborn-3190', 'mwaskom__seaborn-3407', 'pallets__flask-4045', 'pallets__flask-4992', 'pallets__flask-5063', 'psf__requests-1963', 'psf__requests-2674', 'psf__requests-3362', 'psf__requests-863', 'pydata__xarray-3364', 'pydata__xarray-4094', 'pydata__xarray-4493', 'pydata__xarray-5131', 'pylint-dev__pylint-5859', 'pylint-dev__pylint-7080', 'pylint-dev__pylint-7228', 'pylint-dev__pylint-7993', 'pytest-dev__pytest-11148', 'pytest-dev__pytest-5413', 'pytest-dev__pytest-5495', 'pytest-dev__pytest-7373', 'scikit-learn__scikit-learn-13496', 'scikit-learn__scikit-learn-13584', 'scikit-learn__scikit-learn-14087', 'scikit-learn__scikit-learn-25570', 'sphinx-doc__sphinx-10451', 'sphinx-doc__sphinx-11445', 'sphinx-doc__sphinx-8506', 'sphinx-doc__sphinx-8627', 'sympy__sympy-17630', 'sympy__sympy-18532', 'sympy__sympy-21847', 'sympy__sympy-24066']",50,,[],0,,/home/etri/jun/bench-gpu/results/meta-llama__Llama-3.1-8B-Instruct/swebench/meta-llama__Llama-3.1-8B-Instruct.meta-llama__Llama-3.1-8B-Instruct_20260520_150931.json,,,,,[],,,,,,,,,,,,,,,,,,,[],0,,,2,,,"['astropy__astropy-12907', 'astropy__astropy-14182', 'astropy__astropy-14365', 'astropy__astropy-14995', 'astropy__astropy-7746', 'django__django-12915', 'django__django-13551', 'django__django-14016', 'django__django-16139', 'django__django-16527', 'matplotlib__matplotlib-22835', 'matplotlib__matplotlib-24149', 'matplotlib__matplotlib-24970', 'matplotlib__matplotlib-25079', 'matplotlib__matplotlib-25498', 'mwaskom__seaborn-2848', 'mwaskom__seaborn-3010', 'mwaskom__seaborn-3190', 'mwaskom__seaborn-3407', 'pallets__flask-4045', 'pallets__flask-4992', 'pallets__flask-5063', 'psf__requests-1963', 'psf__requests-2674', 'psf__requests-3362', 'psf__requests-863', 'pydata__xarray-3364', 'pydata__xarray-4094', 'pydata__xarray-4493', 'pydata__xarray-5131', 'pylint-dev__pylint-5859', 'pylint-dev__pylint-7080', 'pylint-dev__pylint-7228', 'pylint-dev__pylint-7993', 'pytest-dev__pytest-11148', 'pytest-dev__pytest-5413', 'pytest-dev__pytest-5495', 'pytest-dev__pytest-7373', 'scikit-learn__scikit-learn-13496', 'scikit-learn__scikit-learn-13584', 'scikit-learn__scikit-learn-14087', 'scikit-learn__scikit-learn-25570', 'sphinx-doc__sphinx-10451', 'sphinx-doc__sphinx-11445', 'sphinx-doc__sphinx-8506', 'sphinx-doc__sphinx-8627', 'sympy__sympy-17630', 'sympy__sympy-18532', 'sympy__sympy-21847', 'sympy__sympy-24066']",50,,swebench,50,,,,[],0,
,,"['astropy__astropy-14182', 'astropy__astropy-14365', 'astropy__astropy-14995', 'astropy__astropy-7746', 'matplotlib__matplotlib-25498', 'mwaskom__seaborn-2848', 'mwaskom__seaborn-3407', 'pallets__flask-5063', 'psf__requests-1963', 'psf__requests-863', 'pydata__xarray-3364', 'pydata__xarray-4094', 'pydata__xarray-4493', 'pydata__xarray-5131', 'pylint-dev__pylint-5859', 'pylint-dev__pylint-7228', 'pytest-dev__pytest-11148', 'scikit-learn__scikit-learn-13584', 'sphinx-doc__sphinx-11445', 'sphinx-doc__sphinx-8506', 'sympy__sympy-24066']",21,,,[],0,,"['astropy__astropy-12907', 'django__django-12915', 'django__django-13551', 'django__django-14016', 'django__django-16139', 'django__django-16527', 'matplotlib__matplotlib-22835', 'matplotlib__matplotlib-24149', 'matplotlib__matplotlib-24970', 'matplotlib__matplotlib-25079', 'mwaskom__seaborn-3010', 'mwaskom__seaborn-3190', 'pallets__flask-4045', 'pallets__flask-4992', 'psf__requests-2674', 'psf__requests-3362', 'pylint-dev__pylint-7080', 'pylint-dev__pylint-7993', 'pytest-dev__pytest-5413', 'pytest-dev__pytest-5495', 'pytest-dev__pytest-7373', 'scikit-learn__scikit-learn-13496', 'scikit-learn__scikit-learn-14087', 'scikit-learn__scikit-learn-25570', 'sphinx-doc__sphinx-10451', 'sphinx-doc__sphinx-8627', 'sympy__sympy-17630', 'sympy__sympy-18532', 'sympy__sympy-21847']",29,,/home/etri/jun/bench-gpu/results/meta-llama__Llama-3.1-8B-Instruct/swebench/meta-llama__Llama-3.1-8B-Instruct.meta-llama__Llama-3.1-8B-Instruct_20260520_175656.json,,,,,[],,,,,,,,,,,,,,,,,,,['psf__requests-863'],1,,,2,,,"['astropy__astropy-12907', 'astropy__astropy-14182', 'astropy__astropy-14365', 'astropy__astropy-14995', 'astropy__astropy-7746', 'django__django-12915', 'django__django-13551', 'django__django-14016', 'django__django-16139', 'django__django-16527', 'matplotlib__matplotlib-22835', 'matplotlib__matplotlib-24149', 'matplotlib__matplotlib-24970', 'matplotlib__matplotlib-25079', 'matplotlib__matplotlib-25498', 'mwaskom__seaborn-2848', 'mwaskom__seaborn-3010', 'mwaskom__seaborn-3190', 'mwaskom__seaborn-3407', 'pallets__flask-4045', 'pallets__flask-4992', 'pallets__flask-5063', 'psf__requests-1963', 'psf__requests-2674', 'psf__requests-3362', 'psf__requests-863', 'pydata__xarray-3364', 'pydata__xarray-4094', 'pydata__xarray-4493', 'pydata__xarray-5131', 'pylint-dev__pylint-5859', 'pylint-dev__pylint-7080', 'pylint-dev__pylint-7228', 'pylint-dev__pylint-7993', 'pytest-dev__pytest-11148', 'pytest-dev__pytest-5413', 'pytest-dev__pytest-5495', 'pytest-dev__pytest-7373', 'scikit-learn__scikit-learn-13496', 'scikit-learn__scikit-learn-13584', 'scikit-learn__scikit-learn-14087', 'scikit-learn__scikit-learn-25570', 'sphinx-doc__sphinx-10451', 'sphinx-doc__sphinx-11445', 'sphinx-doc__sphinx-8506', 'sphinx-doc__sphinx-8627', 'sympy__sympy-17630', 'sympy__sympy-18532', 'sympy__sympy-21847', 'sympy__sympy-24066']",50,,swebench,50,,,,"['astropy__astropy-14182', 'astropy__astropy-14365', 'astropy__astropy-14995', 'astropy__astropy-7746', 'matplotlib__matplotlib-25498', 'mwaskom__seaborn-2848', 'mwaskom__seaborn-3407', 'pallets__flask-5063', 'psf__requests-1963', 'pydata__xarray-3364', 'pydata__xarray-4094', 'pydata__xarray-4493', 'pydata__xarray-5131', 'pylint-dev__pylint-5859', 'pylint-dev__pylint-7228', 'pytest-dev__pytest-11148', 'scikit-learn__scikit-learn-13584', 'sphinx-doc__sphinx-11445', 'sphinx-doc__sphinx-8506', 'sympy__sympy-24066']",20,
,,"['astropy__astropy-14182', 'astropy__astropy-14365', 'astropy__astropy-14995', 'django__django-12915', 'django__django-16139', 'matplotlib__matplotlib-22835', 'mwaskom__seaborn-2848', 'psf__requests-1963', 'pydata__xarray-3364', 'pydata__xarray-5131', 'pylint-dev__pylint-7228', 'pylint-dev__pylint-7993', 'pytest-dev__pytest-11148', 'scikit-learn__scikit-learn-13496', 'scikit-learn__scikit-learn-25570', 'sphinx-doc__sphinx-10451', 'sphinx-doc__sphinx-8506']",17,,,[],0,,"['astropy__astropy-12907', 'astropy__astropy-7746', 'django__django-13551', 'django__django-14016', 'django__django-16527', 'matplotlib__matplotlib-24149', 'matplotlib__matplotlib-24970', 'matplotlib__matplotlib-25079', 'matplotlib__matplotlib-25498', 'mwaskom__seaborn-3010', 'mwaskom__seaborn-3190', 'mwaskom__seaborn-3407', 'pallets__flask-4045', 'pallets__flask-4992', 'pallets__flask-5063', 'psf__requests-2674', 'psf__requests-3362', 'psf__requests-863', 'pydata__xarray-4094', 'pydata__xarray-4493', 'pylint-dev__pylint-5859', 'pylint-dev__pylint-7080', 'pytest-dev__pytest-5413', 'pytest-dev__pytest-5495', 'pytest-dev__pytest-7373', 'scikit-learn__scikit-learn-13584', 'scikit-learn__scikit-learn-14087', 'sphinx-doc__sphinx-11445', 'sphinx-doc__sphinx-8627', 'sympy__sympy-17630', 'sympy__sympy-18532', 'sympy__sympy-21847', 'sympy__sympy-24066']",33,,/home/etri/jun/bench-gpu/results/meta-llama__Llama-3.1-8B-Instruct/swebench/meta-llama__Llama-3.1-8B-Instruct.meta-llama__Llama-3.1-8B-Instruct_20260521_123541.json,,,,,[],,,,,,,,,,,,,,,,,,,[],0,,,2,,,"['astropy__astropy-12907', 'astropy__astropy-14182', 'astropy__astropy-14365', 'astropy__astropy-14995', 'astropy__astropy-7746', 'django__django-12915', 'django__django-13551', 'django__django-14016', 'django__django-16139', 'django__django-16527', 'matplotlib__matplotlib-22835', 'matplotlib__matplotlib-24149', 'matplotlib__matplotlib-24970', 'matplotlib__matplotlib-25079', 'matplotlib__matplotlib-25498', 'mwaskom__seaborn-2848', 'mwaskom__seaborn-3010', 'mwaskom__seaborn-3190', 'mwaskom__seaborn-3407', 'pallets__flask-4045', 'pallets__flask-4992', 'pallets__flask-5063', 'psf__requests-1963', 'psf__requests-2674', 'psf__requests-3362', 'psf__requests-863', 'pydata__xarray-3364', 'pydata__xarray-4094', 'pydata__xarray-4493', 'pydata__xarray-5131', 'pylint-dev__pylint-5859', 'pylint-dev__pylint-7080', 'pylint-dev__pylint-7228', 'pylint-dev__pylint-7993', 'pytest-dev__pytest-11148', 'pytest-dev__pytest-5413', 'pytest-dev__pytest-5495', 'pytest-dev__pytest-7373', 'scikit-learn__scikit-learn-13496', 'scikit-learn__scikit-learn-13584', 'scikit-learn__scikit-learn-14087', 'scikit-learn__scikit-learn-25570', 'sphinx-doc__sphinx-10451', 'sphinx-doc__sphinx-11445', 'sphinx-doc__sphinx-8506', 'sphinx-doc__sphinx-8627', 'sympy__sympy-17630', 'sympy__sympy-18532', 'sympy__sympy-21847', 'sympy__sympy-24066']",50,,swebench,50,,,,"['astropy__astropy-14182', 'astropy__astropy-14365', 'astropy__astropy-14995', 'django__django-12915', 'django__django-16139', 'matplotlib__matplotlib-22835', 'mwaskom__seaborn-2848', 'psf__requests-1963', 'pydata__xarray-3364', 'pydata__xarray-5131', 'pylint-dev__pylint-7228', 'pylint-dev__pylint-7993', 'pytest-dev__pytest-11148', 'scikit-learn__scikit-learn-13496', 'scikit-learn__scikit-learn-25570', 'sphinx-doc__sphinx-10451', 'sphinx-doc__sphinx-8506']",17,
,,"['astropy__astropy-14182', 'astropy__astropy-14365', 'astropy__astropy-14995', 'django__django-12915', 'django__django-16139', 'matplotlib__matplotlib-22835', 'mwaskom__seaborn-2848', 'psf__requests-1963', 'pydata__xarray-3364', 'pydata__xarray-5131', 'pylint-dev__pylint-7993', 'pytest-dev__pytest-11148', 'scikit-learn__scikit-learn-13496', 'scikit-learn__scikit-learn-25570', 'sphinx-doc__sphinx-10451', 'sphinx-doc__sphinx-8506', 'sympy__sympy-18532']",17,,,[],0,,"['astropy__astropy-12907', 'astropy__astropy-7746', 'django__django-13551', 'django__django-14016', 'django__django-16527', 'matplotlib__matplotlib-24149', 'matplotlib__matplotlib-24970', 'matplotlib__matplotlib-25079', 'matplotlib__matplotlib-25498', 'mwaskom__seaborn-3010', 'mwaskom__seaborn-3190', 'mwaskom__seaborn-3407', 'pallets__flask-4045', 'pallets__flask-4992', 'pallets__flask-5063', 'psf__requests-2674', 'psf__requests-3362', 'psf__requests-863', 'pydata__xarray-4094', 'pydata__xarray-4493', 'pylint-dev__pylint-5859', 'pylint-dev__pylint-7080', 'pylint-dev__pylint-7228', 'pytest-dev__pytest-5413', 'pytest-dev__pytest-5495', 'pytest-dev__pytest-7373', 'scikit-learn__scikit-learn-13584', 'scikit-learn__scikit-learn-14087', 'sphinx-doc__sphinx-11445', 'sphinx-doc__sphinx-8627', 'sympy__sympy-17630', 'sympy__sympy-21847', 'sympy__sympy-24066']",33,,/home/etri/jun/bench-gpu/results/meta-llama__Llama-3.1-8B-Instruct/swebench/meta-llama__Llama-3.1-8B-Instruct.meta-llama__Llama-3.1-8B-Instruct_20260521_133234.json,,,,,[],,,,,,,,,,,,,,,,,,,[],0,,,2,,,"['astropy__astropy-12907', 'astropy__astropy-14182', 'astropy__astropy-14365', 'astropy__astropy-14995', 'astropy__astropy-7746', 'django__django-12915', 'django__django-13551', 'django__django-14016', 'django__django-16139', 'django__django-16527', 'matplotlib__matplotlib-22835', 'matplotlib__matplotlib-24149', 'matplotlib__matplotlib-24970', 'matplotlib__matplotlib-25079', 'matplotlib__matplotlib-25498', 'mwaskom__seaborn-2848', 'mwaskom__seaborn-3010', 'mwaskom__seaborn-3190', 'mwaskom__seaborn-3407', 'pallets__flask-4045', 'pallets__flask-4992', 'pallets__flask-5063', 'psf__requests-1963', 'psf__requests-2674', 'psf__requests-3362', 'psf__requests-863', 'pydata__xarray-3364', 'pydata__xarray-4094', 'pydata__xarray-4493', 'pydata__xarray-5131', 'pylint-dev__pylint-5859', 'pylint-dev__pylint-7080', 'pylint-dev__pylint-7228', 'pylint-dev__pylint-7993', 'pytest-dev__pytest-11148', 'pytest-dev__pytest-5413', 'pytest-dev__pytest-5495', 'pytest-dev__pytest-7373', 'scikit-learn__scikit-learn-13496', 'scikit-learn__scikit-learn-13584', 'scikit-learn__scikit-learn-14087', 'scikit-learn__scikit-learn-25570', 'sphinx-doc__sphinx-10451', 'sphinx-doc__sphinx-11445', 'sphinx-doc__sphinx-8506', 'sphinx-doc__sphinx-8627', 'sympy__sympy-17630', 'sympy__sympy-18532', 'sympy__sympy-21847', 'sympy__sympy-24066']",50,,swebench,50,,,,"['astropy__astropy-14182', 'astropy__astropy-14365', 'astropy__astropy-14995', 'django__django-12915', 'django__django-16139', 'matplotlib__matplotlib-22835', 'mwaskom__seaborn-2848', 'psf__requests-1963', 'pydata__xarray-3364', 'pydata__xarray-5131', 'pylint-dev__pylint-7993', 'pytest-dev__pytest-11148', 'scikit-learn__scikit-learn-13496', 'scikit-learn__scikit-learn-25570', 'sphinx-doc__sphinx-10451', 'sphinx-doc__sphinx-8506', 'sympy__sympy-18532']",17,
,,,,,oracle-subset,,,,,,,/home/etri/jun/bench-gpu/results/meta-llama__Llama-3.1-8B-Instruct/swebench/swebench_20260520_150915.json,,,,,,"['astropy__astropy-14995', 'django__django-13551', 'matplotlib__matplotlib-24970', 'mwaskom__seaborn-2848', 'pallets__flask-5063', 'psf__requests-1963', 'pydata__xarray-4094', 'pylint-dev__pylint-7080', 'pytest-dev__pytest-5495', 'scikit-learn__scikit-learn-25570', 'sphinx-doc__sphinx-10451', 'sympy__sympy-24066', 'astropy__astropy-7746', 'django__django-16139', 'matplotlib__matplotlib-25079', 'mwaskom__seaborn-3407', 'pallets__flask-4045', 'psf__requests-3362', 'pydata__xarray-3364', 'pylint-dev__pylint-5859', 'pytest-dev__pytest-5413', 'scikit-learn__scikit-learn-13496', 'sphinx-doc__sphinx-8627', 'sympy__sympy-21847', 'astropy__astropy-12907', 'django__django-16527', 'matplotlib__matplotlib-25498', 'mwaskom__seaborn-3190', 'pallets__flask-4992', 'psf__requests-863', 'pydata__xarray-5131', 'pylint-dev__pylint-7228', 'pytest-dev__pytest-7373', 'scikit-learn__scikit-learn-13584', 'sphinx-doc__sphinx-8506', 'sympy__sympy-17630', 'astropy__astropy-14182', 'django__django-12915', 'matplotlib__matplotlib-24149', 'mwaskom__seaborn-3010', 'psf__requests-2674', 'pydata__xarray-4493', 'pylint-dev__pylint-7993', 'pytest-dev__pytest-11148', 'scikit-learn__scikit-learn-14087', 'sphinx-doc__sphinx-11445', 'sympy__sympy-18532', 'astropy__astropy-14365', 'django__django-14016', 'matplotlib__matplotlib-22835']",,,,,,,meta-llama/Llama-3.1-8B-Instruct,50,,50,,0,,,/home/etri/jun/bench-gpu/results/meta-llama__Llama-3.1-8B-Instruct/swebench/preds/meta-llama__Llama-3.1-8B-Instruct__preds.jsonl,,,,,,,,,,,,,swebench,,,,,,,
,,,,,oracle-subset,,,,,,,/home/etri/jun/bench-gpu/results/meta-llama__Llama-3.1-8B-Instruct/swebench/swebench_20260520_175013.json,,,42.7,215.8,,"['astropy__astropy-14995', 'django__django-13551', 'matplotlib__matplotlib-24970', 'mwaskom__seaborn-2848', 'pallets__flask-5063', 'psf__requests-1963', 'pydata__xarray-4094', 'pylint-dev__pylint-7080', 'pytest-dev__pytest-5495', 'scikit-learn__scikit-learn-25570', 'sphinx-doc__sphinx-10451', 'sympy__sympy-24066', 'astropy__astropy-7746', 'django__django-16139', 'matplotlib__matplotlib-25079', 'mwaskom__seaborn-3407', 'pallets__flask-4045', 'psf__requests-3362', 'pydata__xarray-3364', 'pylint-dev__pylint-5859', 'pytest-dev__pytest-5413', 'scikit-learn__scikit-learn-13496', 'sphinx-doc__sphinx-8627', 'sympy__sympy-21847', 'astropy__astropy-12907', 'django__django-16527', 'matplotlib__matplotlib-25498', 'mwaskom__seaborn-3190', 'pallets__flask-4992', 'psf__requests-863', 'pydata__xarray-5131', 'pylint-dev__pylint-7228', 'pytest-dev__pytest-7373', 'scikit-learn__scikit-learn-13584', 'sphinx-doc__sphinx-8506', 'sympy__sympy-17630', 'astropy__astropy-14182', 'django__django-12915', 'matplotlib__matplotlib-24149', 'mwaskom__seaborn-3010', 'psf__requests-2674', 'pydata__xarray-4493', 'pylint-dev__pylint-7993', 'pytest-dev__pytest-11148', 'scikit-learn__scikit-learn-14087', 'sphinx-doc__sphinx-11445', 'sympy__sympy-18532', 'astropy__astropy-14365', 'django__django-14016', 'matplotlib__matplotlib-22835']",,,,,,,meta-llama/Llama-3.1-8B-Instruct,0,,50,,50,,,/home/etri/jun/bench-gpu/results/meta-llama__Llama-3.1-8B-Instruct/swebench/preds/meta-llama__Llama-3.1-8B-Instruct__preds.jsonl,,,,,,,,,,,,,swebench,,,,,,,
,,,,,oracle-subset,,,,,,,/home/etri/jun/bench-gpu/results/meta-llama__Llama-3.1-8B-Instruct/swebench/swebench_20260521_123051.json,,,58.2,111.7,,"['astropy__astropy-14995', 'django__django-13551', 'matplotlib__matplotlib-24970', 'mwaskom__seaborn-2848', 'pallets__flask-5063', 'psf__requests-1963', 'pydata__xarray-4094', 'pylint-dev__pylint-7080', 'pytest-dev__pytest-5495', 'scikit-learn__scikit-learn-25570', 'sphinx-doc__sphinx-10451', 'sympy__sympy-24066', 'astropy__astropy-7746', 'django__django-16139', 'matplotlib__matplotlib-25079', 'mwaskom__seaborn-3407', 'pallets__flask-4045', 'psf__requests-3362', 'pydata__xarray-3364', 'pylint-dev__pylint-5859', 'pytest-dev__pytest-5413', 'scikit-learn__scikit-learn-13496', 'sphinx-doc__sphinx-8627', 'sympy__sympy-21847', 'astropy__astropy-12907', 'django__django-16527', 'matplotlib__matplotlib-25498', 'mwaskom__seaborn-3190', 'pallets__flask-4992', 'psf__requests-863', 'pydata__xarray-5131', 'pylint-dev__pylint-7228', 'pytest-dev__pytest-7373', 'scikit-learn__scikit-learn-13584', 'sphinx-doc__sphinx-8506', 'sympy__sympy-17630', 'astropy__astropy-14182', 'django__django-12915', 'matplotlib__matplotlib-24149', 'mwaskom__seaborn-3010', 'psf__requests-2674', 'pydata__xarray-4493', 'pylint-dev__pylint-7993', 'pytest-dev__pytest-11148', 'scikit-learn__scikit-learn-14087', 'sphinx-doc__sphinx-11445', 'sympy__sympy-18532', 'astropy__astropy-14365', 'django__django-14016', 'matplotlib__matplotlib-22835']",,,,,,,meta-llama/Llama-3.1-8B-Instruct,0,,50,,50,,,/home/etri/jun/bench-gpu/results/meta-llama__Llama-3.1-8B-Instruct/swebench/preds/meta-llama__Llama-3.1-8B-Instruct__preds.jsonl,,,,,,,,,,,,,swebench,,,,,,,
,,,,,oracle-subset,,,,,,,/home/etri/jun/bench-gpu/results/meta-llama__Llama-3.1-8B-Instruct/swebench/swebench_20260521_132248.json,[],[],58.3,111.0,,"['astropy__astropy-12907', 'astropy__astropy-14182', 'astropy__astropy-14365', 'astropy__astropy-14995', 'astropy__astropy-7746', 'django__django-12915', 'django__django-13551', 'django__django-14016', 'django__django-16139', 'django__django-16527', 'matplotlib__matplotlib-22835', 'matplotlib__matplotlib-24149', 'matplotlib__matplotlib-24970', 'matplotlib__matplotlib-25079', 'matplotlib__matplotlib-25498', 'mwaskom__seaborn-2848', 'mwaskom__seaborn-3010', 'mwaskom__seaborn-3190', 'mwaskom__seaborn-3407', 'pallets__flask-4045', 'pallets__flask-4992', 'pallets__flask-5063', 'psf__requests-1963', 'psf__requests-2674', 'psf__requests-3362', 'psf__requests-863', 'pydata__xarray-3364', 'pydata__xarray-4094', 'pydata__xarray-4493', 'pydata__xarray-5131', 'pylint-dev__pylint-5859', 'pylint-dev__pylint-7080', 'pylint-dev__pylint-7228', 'pylint-dev__pylint-7993', 'pytest-dev__pytest-11148', 'pytest-dev__pytest-5413', 'pytest-dev__pytest-5495', 'pytest-dev__pytest-7373', 'scikit-learn__scikit-learn-13496', 'scikit-learn__scikit-learn-13584', 'scikit-learn__scikit-learn-14087', 'scikit-learn__scikit-learn-25570', 'sphinx-doc__sphinx-10451', 'sphinx-doc__sphinx-11445', 'sphinx-doc__sphinx-8506', 'sphinx-doc__sphinx-8627', 'sympy__sympy-17630', 'sympy__sympy-18532', 'sympy__sympy-21847', 'sympy__sympy-24066']","[{'instance_id': 'astropy__astropy-12907', 'reason': 'hunk line count mismatch old=42/27 new=42/35'}, {'instance_id': 'astropy__astropy-14182', 'reason': 'hunk line count mismatch old=7/6 new=8/7'}, {'instance_id': 'astropy__astropy-14365', 'reason': 'hunk line count mismatch old=8/7 new=8/7'}, {'instance_id': 'astropy__astropy-14995', 'reason': 'hunk line count mismatch old=8/7 new=8/7'}, {'instance_id': 'astropy__astropy-7746', 'reason': 'hunk line count mismatch old=5/6 new=5/7'}, {'instance_id': 'django__django-12915', 'reason': 'hunk line count mismatch old=9/6 new=10/7'}, {'instance_id': 'django__django-13551', 'reason': 'hunk line count mismatch old=15/8 new=18/10'}, {'instance_id': 'django__django-14016', 'reason': 'hunk line count mismatch old=7/6 new=9/10'}, {'instance_id': 'django__django-16139', 'reason': 'hunk line count mismatch old=9/7 new=9/7'}, {'instance_id': 'django__django-16527', 'reason': 'bad hunk line prefix'}]",,,130048,131072,1024,meta-llama/Llama-3.1-8B-Instruct,0,0,50,49,50,50,,/home/etri/jun/bench-gpu/results/meta-llama__Llama-3.1-8B-Instruct/swebench/preds/meta-llama__Llama-3.1-8B-Instruct__preds.jsonl,,,,,,,,,,,,,swebench,,,,,,,
41.75,,,,1,,,,,,,0,/home/etri/jun/bench-gpu/results/meta-llama__Llama-3.1-8B-Instruct/tps/tps_20260520_144508.json,,,,,,,,0.02389,0.02392,,,256,meta-llama/Llama-3.1-8B-Instruct,,,,,,,42.0,,256,,,,,,,,,,,50,tps,,12800,0.0367,0.0426,,,306.568
41.67,,,,1,,,,,,,0,/home/etri/jun/bench-gpu/results/meta-llama__Llama-3.1-8B-Instruct/tps/tps_20260520_170239.json,,,,,,,,0.02394,0.02396,,,256,meta-llama/Llama-3.1-8B-Instruct,,,,,,,41.91,,256,,,,,,,,,,,50,tps,,12800,0.0356,0.0369,,,307.169
41.73,,,,1,,,,,,,0,/home/etri/jun/bench-gpu/results/meta-llama__Llama-3.1-8B-Instruct/sweep/sweep_20260520_150858.json,,,,,,,,0.0239,0.02391,,,256,meta-llama/Llama-3.1-8B-Instruct,,,,,,,41.99,,256,,,,,,,,,,,50,sweep,,12800,0.037,0.0446,,,306.729
81.09,,,,2,,,,,,,0,/home/etri/jun/bench-gpu/results/meta-llama__Llama-3.1-8B-Instruct/sweep/sweep_20260520_150858.json,,,,,,,,0.02456,0.02457,,,256,meta-llama/Llama-3.1-8B-Instruct,,,,,,,40.86,,256,,,,,,,,,,,50,sweep,,12800,0.0482,0.0493,,,157.853
154.13,,,,4,,,,,,,0,/home/etri/jun/bench-gpu/results/meta-llama__Llama-3.1-8B-Instruct/sweep/sweep_20260520_150858.json,,,,,,,,0.02486,0.02493,,,256,meta-llama/Llama-3.1-8B-Instruct,,,,,,,40.36,,256,,,,,,,,,,,50,sweep,,12800,0.0481,0.0726,,,83.046
280.97,,,,8,,,,,,,0,/home/etri/jun/bench-gpu/results/meta-llama__Llama-3.1-8B-Instruct/sweep/sweep_20260520_150858.json,,,,,,,,0.02532,0.02535,,,256,meta-llama/Llama-3.1-8B-Instruct,,,,,,,39.57,,256,,,,,,,,,,,50,sweep,,12800,0.0704,0.0859,,,45.556
595.91,,,,16,,,,,,,0,/home/etri/jun/bench-gpu/results/meta-llama__Llama-3.1-8B-Instruct/sweep/sweep_20260520_150858.json,,,,,,,,0.02654,0.02656,,,256,meta-llama/Llama-3.1-8B-Instruct,,,,,,,37.78,,256,,,,,,,,,,,64,sweep,,16384,0.093,0.098,,,27.494
952.21,,,,32,,,,,,,0,/home/etri/jun/bench-gpu/results/meta-llama__Llama-3.1-8B-Instruct/sweep/sweep_20260520_150858.json,,,,,,,,0.027,0.02725,,,256,meta-llama/Llama-3.1-8B-Instruct,,,,,,,36.91,,256,,,,,,,,,,,128,sweep,,25616,0.1367,0.1531,,,26.902
2066.96,,,,64,,,,,,,0,/home/etri/jun/bench-gpu/results/meta-llama__Llama-3.1-8B-Instruct/sweep/sweep_20260520_150858.json,,,,,,,,0.03018,0.0303,,,256,meta-llama/Llama-3.1-8B-Instruct,,,,,,,33.2,,256,,,,,,,,,,,256,sweep,,65536,0.2025,0.2462,,,31.707
3666.93,,,,128,,,,,,,0,/home/etri/jun/bench-gpu/results/meta-llama__Llama-3.1-8B-Instruct/sweep/sweep_20260520_150858.json,,,,,,,,0.03354,0.03384,,,256,meta-llama/Llama-3.1-8B-Instruct,,,,,,,29.58,,256,,,,,,,,,,,512,sweep,,130814,0.2264,0.3609,,,35.674
41.21,,,,1,,,,,,,0,/home/etri/jun/bench-gpu/results/meta-llama__Llama-3.1-8B-Instruct/sweep/sweep_20260520_150858.json,,,,,,,,0.02407,0.02408,,,256,meta-llama/Llama-3.1-8B-Instruct,,,,,,,41.52,,1024,,,,,,,,,,,50,sweep,,10600,0.0381,0.0401,,,257.229
79.55,,,,2,,,,,,,0,/home/etri/jun/bench-gpu/results/meta-llama__Llama-3.1-8B-Instruct/sweep/sweep_20260520_150858.json,,,,,,,,0.02489,0.02491,,,256,meta-llama/Llama-3.1-8B-Instruct,,,,,,,40.16,,1024,,,,,,,,,,,50,sweep,,10759,0.0486,0.0493,,,135.243
151.29,,,,4,,,,,,,0,/home/etri/jun/bench-gpu/results/meta-llama__Llama-3.1-8B-Instruct/sweep/sweep_20260520_150858.json,,,,,,,,0.02518,0.0252,,,256,meta-llama/Llama-3.1-8B-Instruct,,,,,,,39.69,,1024,,,,,,,,,,,50,sweep,,11150,0.0483,0.0739,,,73.7
275.0,,,,8,,,,,,,0,/home/etri/jun/bench-gpu/results/meta-llama__Llama-3.1-8B-Instruct/sweep/sweep_20260520_150858.json,,,,,,,,0.02594,0.02596,,,256,meta-llama/Llama-3.1-8B-Instruct,,,,,,,38.54,,1024,,,,,,,,,,,50,sweep,,11079,0.0517,0.0879,,,40.287
581.77,,,,16,,,,,,,0,/home/etri/jun/bench-gpu/results/meta-llama__Llama-3.1-8B-Instruct/sweep/sweep_20260520_150858.json,,,,,,,,0.02704,0.02708,,,256,meta-llama/Llama-3.1-8B-Instruct,,,,,,,37.0,,1024,,,,,,,,,,,64,sweep,,14059,0.095,0.0998,,,24.166
1107.9,,,,32,,,,,,,0,/home/etri/jun/bench-gpu/results/meta-llama__Llama-3.1-8B-Instruct/sweep/sweep_20260520_150858.json,,,,,,,,0.02765,0.02796,,,256,meta-llama/Llama-3.1-8B-Instruct,,,,,,,35.99,,1024,,,,,,,,,,,128,sweep,,27539,0.1025,0.5788,,,24.857
2041.29,,,,64,,,,,,,0,/home/etri/jun/bench-gpu/results/meta-llama__Llama-3.1-8B-Instruct/sweep/sweep_20260520_150858.json,,,,,,,,0.03025,0.03033,,,256,meta-llama/Llama-3.1-8B-Instruct,,,,,,,32.84,,1024,,,,,,,,,,,256,sweep,,56198,0.1621,0.221,,,27.531
3610.77,,,,128,,,,,,,0,/home/etri/jun/bench-gpu/results/meta-llama__Llama-3.1-8B-Instruct/sweep/sweep_20260520_150858.json,,,,,,,,0.03332,0.03388,,,256,meta-llama/Llama-3.1-8B-Instruct,,,,,,,29.43,,1024,,,,,,,,,,,512,sweep,,113170,0.185,0.2679,,,31.342
,,,,1,,,,no successful requests,,,50,/home/etri/jun/bench-gpu/results/meta-llama__Llama-3.1-8B-Instruct/sweep/sweep_20260520_150858.json,,,,,,,,,,,,256,meta-llama/Llama-3.1-8B-Instruct,,,,,,,,,4096,,,,,,,,,,,0,sweep,,,,,,,0.8462246450071689
,,,,2,,,,no successful requests,,,50,/home/etri/jun/bench-gpu/results/meta-llama__Llama-3.1-8B-Instruct/sweep/sweep_20260520_150858.json,,,,,,,,,,,,256,meta-llama/Llama-3.1-8B-Instruct,,,,,,,,,4096,,,,,,,,,,,0,sweep,,,,,,,0.645446084003197
,,,,4,,,,no successful requests,,,50,/home/etri/jun/bench-gpu/results/meta-llama__Llama-3.1-8B-Instruct/sweep/sweep_20260520_150858.json,,,,,,,,,,,,256,meta-llama/Llama-3.1-8B-Instruct,,,,,,,,,4096,,,,,,,,,,,0,sweep,,,,,,,0.3769359480065759
,,,,8,,,,no successful requests,,,50,/home/etri/jun/bench-gpu/results/meta-llama__Llama-3.1-8B-Instruct/sweep/sweep_20260520_150858.json,,,,,,,,,,,,256,meta-llama/Llama-3.1-8B-Instruct,,,,,,,,,4096,,,,,,,,,,,0,sweep,,,,,,,0.34458742299466394
,,,,16,,,,no successful requests,,,64,/home/etri/jun/bench-gpu/results/meta-llama__Llama-3.1-8B-Instruct/sweep/sweep_20260520_150858.json,,,,,,,,,,,,256,meta-llama/Llama-3.1-8B-Instruct,,,,,,,,,4096,,,,,,,,,,,0,sweep,,,,,,,0.23943575099110603
,,,,32,,,,no successful requests,,,128,/home/etri/jun/bench-gpu/results/meta-llama__Llama-3.1-8B-Instruct/sweep/sweep_20260520_150858.json,,,,,,,,,,,,256,meta-llama/Llama-3.1-8B-Instruct,,,,,,,,,4096,,,,,,,,,,,0,sweep,,,,,,,0.45599526198930107
,,,,64,,,,no successful requests,,,256,/home/etri/jun/bench-gpu/results/meta-llama__Llama-3.1-8B-Instruct/sweep/sweep_20260520_150858.json,,,,,,,,,,,,256,meta-llama/Llama-3.1-8B-Instruct,,,,,,,,,4096,,,,,,,,,,,0,sweep,,,,,,,0.5926925950043369
,,,,128,,,,no successful requests,,,512,/home/etri/jun/bench-gpu/results/meta-llama__Llama-3.1-8B-Instruct/sweep/sweep_20260520_150858.json,,,,,,,,,,,,256,meta-llama/Llama-3.1-8B-Instruct,,,,,,,,,4096,,,,,,,,,,,0,sweep,,,,,,,0.9923167919914704
41.65,,,,1,,,,,,,0,/home/etri/jun/bench-gpu/results/meta-llama__Llama-3.1-8B-Instruct/sweep/sweep_20260520_173915.json,,,,,,,,0.02395,0.02397,,,256,meta-llama/Llama-3.1-8B-Instruct,,,,,,,41.89,,256,,,,,,,,,,,50,sweep,,12800,0.0355,0.0365,,,307.324
81.12,,,,2,,,,,,,0,/home/etri/jun/bench-gpu/results/meta-llama__Llama-3.1-8B-Instruct/sweep/sweep_20260520_173915.json,,,,,,,,0.02456,0.02458,,,256,meta-llama/Llama-3.1-8B-Instruct,,,,,,,40.85,,256,,,,,,,,,,,50,sweep,,12800,0.0485,0.0491,,,157.799
153.98,,,,4,,,,,,,0,/home/etri/jun/bench-gpu/results/meta-llama__Llama-3.1-8B-Instruct/sweep/sweep_20260520_173915.json,,,,,,,,0.02489,0.0249,,,256,meta-llama/Llama-3.1-8B-Instruct,,,,,,,40.31,,256,,,,,,,,,,,50,sweep,,12800,0.0487,0.0687,,,83.128
281.52,,,,8,,,,,,,0,/home/etri/jun/bench-gpu/results/meta-llama__Llama-3.1-8B-Instruct/sweep/sweep_20260520_173915.json,,,,,,,,0.02531,0.02534,,,256,meta-llama/Llama-3.1-8B-Instruct,,,,,,,39.59,,256,,,,,,,,,,,50,sweep,,12800,0.0707,0.0792,,,45.467
596.06,,,,16,,,,,,,0,/home/etri/jun/bench-gpu/results/meta-llama__Llama-3.1-8B-Instruct/sweep/sweep_20260520_173915.json,,,,,,,,0.02657,0.02661,,,256,meta-llama/Llama-3.1-8B-Instruct,,,,,,,37.77,,256,,,,,,,,,,,64,sweep,,16384,0.0926,0.1019,,,27.487
1152.79,,,,32,,,,,,,0,/home/etri/jun/bench-gpu/results/meta-llama__Llama-3.1-8B-Instruct/sweep/sweep_20260520_173915.json,,,,,,,,0.0273,0.02736,,,256,meta-llama/Llama-3.1-8B-Instruct,,,,,,,36.71,,256,,,,,,,,,,,128,sweep,,32768,0.125,0.1421,,,28.425
2079.89,,,,64,,,,,,,0,/home/etri/jun/bench-gpu/results/meta-llama__Llama-3.1-8B-Instruct/sweep/sweep_20260520_173915.json,,,,,,,,0.03002,0.03011,,,256,meta-llama/Llama-3.1-8B-Instruct,,,,,,,33.31,,256,,,,,,,,,,,256,sweep,,65536,0.1755,0.2253,,,31.509
3588.97,,,,128,,,,,,,0,/home/etri/jun/bench-gpu/results/meta-llama__Llama-3.1-8B-Instruct/sweep/sweep_20260520_173915.json,,,,,,,,0.03399,0.03413,,,256,meta-llama/Llama-3.1-8B-Instruct,,,,,,,29.36,,256,,,,,,,,,,,512,sweep,,131072,0.2756,0.7344,,,36.521
41.16,,,,1,,,,,,,0,/home/etri/jun/bench-gpu/results/meta-llama__Llama-3.1-8B-Instruct/sweep/sweep_20260520_173915.json,,,,,,,,0.02412,0.02413,,,256,meta-llama/Llama-3.1-8B-Instruct,,,,,,,41.44,,1024,,,,,,,,,,,50,sweep,,11200,0.0376,0.0391,,,272.138
79.49,,,,2,,,,,,,0,/home/etri/jun/bench-gpu/results/meta-llama__Llama-3.1-8B-Instruct/sweep/sweep_20260520_173915.json,,,,,,,,0.02489,0.02491,,,256,meta-llama/Llama-3.1-8B-Instruct,,,,,,,40.17,,1024,,,,,,,,,,,50,sweep,,10963,0.0486,0.0489,,,137.918
151.2,,,,4,,,,,,,0,/home/etri/jun/bench-gpu/results/meta-llama__Llama-3.1-8B-Instruct/sweep/sweep_20260520_173915.json,,,,,,,,0.02518,0.02521,,,256,meta-llama/Llama-3.1-8B-Instruct,,,,,,,39.69,,1024,,,,,,,,,,,50,sweep,,10636,0.0482,0.0675,,,70.345
272.54,,,,8,,,,,,,0,/home/etri/jun/bench-gpu/results/meta-llama__Llama-3.1-8B-Instruct/sweep/sweep_20260520_173915.json,,,,,,,,0.026,0.026,,,256,meta-llama/Llama-3.1-8B-Instruct,,,,,,,38.45,,1024,,,,,,,,,,,50,sweep,,10757,0.0725,0.0883,,,39.47
579.01,,,,16,,,,,,,0,/home/etri/jun/bench-gpu/results/meta-llama__Llama-3.1-8B-Instruct/sweep/sweep_20260520_173915.json,,,,,,,,0.02704,0.02707,,,256,meta-llama/Llama-3.1-8B-Instruct,,,,,,,36.92,,1024,,,,,,,,,,,64,sweep,,13775,0.0965,0.1058,,,23.791
1120.34,,,,32,,,,,,,0,/home/etri/jun/bench-gpu/results/meta-llama__Llama-3.1-8B-Instruct/sweep/sweep_20260520_173915.json,,,,,,,,0.02769,0.02772,,,256,meta-llama/Llama-3.1-8B-Instruct,,,,,,,35.97,,1024,,,,,,,,,,,128,sweep,,27676,0.112,0.1539,,,24.703
2038.58,,,,64,,,,,,,0,/home/etri/jun/bench-gpu/results/meta-llama__Llama-3.1-8B-Instruct/sweep/sweep_20260520_173915.json,,,,,,,,0.03007,0.03014,,,256,meta-llama/Llama-3.1-8B-Instruct,,,,,,,32.86,,1024,,,,,,,,,,,256,sweep,,56129,0.1737,0.1998,,,27.533
3628.55,,,,128,,,,,,,0,/home/etri/jun/bench-gpu/results/meta-llama__Llama-3.1-8B-Instruct/sweep/sweep_20260520_173915.json,,,,,,,,0.03373,0.03392,,,256,meta-llama/Llama-3.1-8B-Instruct,,,,,,,29.2,,1024,,,,,,,,,,,512,sweep,,113632,0.1736,0.2825,,,31.316
40.19,,,,1,,,,,,,0,/home/etri/jun/bench-gpu/results/meta-llama__Llama-3.1-8B-Instruct/sweep/sweep_20260520_173915.json,,,,,,,,0.02476,0.02478,,,256,meta-llama/Llama-3.1-8B-Instruct,,,,,,,40.52,,4096,,,,,,,,,,,50,sweep,,12800,0.0525,0.0551,,,318.449
76.41,,,,2,,,,,,,0,/home/etri/jun/bench-gpu/results/meta-llama__Llama-3.1-8B-Instruct/sweep/sweep_20260520_173915.json,,,,,,,,0.02594,0.02596,,,256,meta-llama/Llama-3.1-8B-Instruct,,,,,,,38.59,,4096,,,,,,,,,,,50,sweep,,12557,0.0525,0.055,,,164.336
141.29,,,,4,,,,,,,0,/home/etri/jun/bench-gpu/results/meta-llama__Llama-3.1-8B-Instruct/sweep/sweep_20260520_173915.json,,,,,,,,0.02662,0.02664,,,256,meta-llama/Llama-3.1-8B-Instruct,,,,,,,37.64,,4096,,,,,,,,,,,50,sweep,,12355,0.082,0.0997,,,87.447
247.47,,,,8,,,,,,,0,/home/etri/jun/bench-gpu/results/meta-llama__Llama-3.1-8B-Instruct/sweep/sweep_20260520_173915.json,,,,,,,,0.0293,0.02938,,,256,meta-llama/Llama-3.1-8B-Instruct,,,,,,,34.11,,4096,,,,,,,,,,,50,sweep,,11897,0.0843,0.1172,,,48.075
518.08,,,,16,,,,,,,0,/home/etri/jun/bench-gpu/results/meta-llama__Llama-3.1-8B-Instruct/sweep/sweep_20260520_173915.json,,,,,,,,0.02966,0.02976,,,256,meta-llama/Llama-3.1-8B-Instruct,,,,,,,33.7,,4096,,,,,,,,,,,64,sweep,,15626,0.1443,0.1504,,,30.162
995.89,,,,32,,,,,,,0,/home/etri/jun/bench-gpu/results/meta-llama__Llama-3.1-8B-Instruct/sweep/sweep_20260520_173915.json,,,,,,,,0.03049,0.0306,,,256,meta-llama/Llama-3.1-8B-Instruct,,,,,,,32.77,,4096,,,,,,,,,,,128,sweep,,31574,0.1897,0.2251,,,31.704
1788.16,,,,64,,,,,,,0,/home/etri/jun/bench-gpu/results/meta-llama__Llama-3.1-8B-Instruct/sweep/sweep_20260520_173915.json,,,,,,,,0.03295,0.03317,,,256,meta-llama/Llama-3.1-8B-Instruct,,,,,,,29.91,,4096,,,,,,,,,,,256,sweep,,61912,0.2467,0.3745,,,34.623
3042.59,,,,128,,,,,,,0,/home/etri/jun/bench-gpu/results/meta-llama__Llama-3.1-8B-Instruct/sweep/sweep_20260520_173915.json,,,,,,,,0.03691,0.03744,,,256,meta-llama/Llama-3.1-8B-Instruct,,,,,,,26.41,,4096,,,,,,,,,,,512,sweep,,120831,0.3532,0.98,,,39.713
11750.47,,,,128,,,,,,,0,/home/etri/jun/bench-gpu/results/Qwen__Qwen2.5-0.5B-Instruct/memsweep/memsweep_000.json,,,,,,,,0.01219,0.01226,,,256,Qwen/Qwen2.5-0.5B-Instruct,,,,,,,99.97,,1024,,,,,,,,,,,256,memsweep,,65480,0.2022,0.2596,,,5.573
11664.83,,,,128,,,,,,,0,/home/etri/jun/bench-gpu/results/Qwen__Qwen2.5-0.5B-Instruct/memsweep/memsweep_001.json,,,,,,,,0.00975,0.00985,,,256,Qwen/Qwen2.5-0.5B-Instruct,,,,,,,99.01,,1024,,,,,,,,,,,256,memsweep,,65492,0.1985,0.2431,,,5.614
11830.85,,,,128,,,,,,,0,/home/etri/jun/bench-gpu/results/Qwen__Qwen2.5-0.5B-Instruct/memsweep/memsweep_002.json,,,,,,,,0.00975,0.00982,,,256,Qwen/Qwen2.5-0.5B-Instruct,,,,,,,100.69,,1024,,,,,,,,,,,256,memsweep,,65477,0.1817,0.2399,,,5.534
11773.87,,,,128,,,,,,,0,/home/etri/jun/bench-gpu/results/Qwen__Qwen2.5-0.5B-Instruct/memsweep/memsweep_003.json,,,,,,,,0.00982,0.0099,,,256,Qwen/Qwen2.5-0.5B-Instruct,,,,,,,100.05,,1024,,,,,,,,,,,256,memsweep,,65525,0.202,0.2577,,,5.565
7794.64,,,,128,,,,,,,0,/home/etri/jun/bench-gpu/results/Qwen__Qwen2.5-0.5B-Instruct/memsweep/memsweep_004.json,,,,,,,,0.00788,0.00794,,,256,Qwen/Qwen2.5-0.5B-Instruct,,,,,,,126.3,,1024,,,,,,,,,,,256,memsweep,,65408,2.0484,2.2607,,,8.391
11775.66,,,,128,,,,,,,0,/home/etri/jun/bench-gpu/results/Qwen__Qwen2.5-0.5B-Instruct/memsweep/memsweep_005.json,,,,,,,,0.00973,0.00976,,,256,Qwen/Qwen2.5-0.5B-Instruct,,,,,,,100.78,,1024,,,,,,,,,,,256,memsweep,,65364,0.1856,0.2739,,,5.551
11674.1,,,,128,,,,,,,0,/home/etri/jun/bench-gpu/results/Qwen__Qwen2.5-0.5B-Instruct/memsweep/memsweep_006.json,,,,,,,,0.0096,0.0097,,,256,Qwen/Qwen2.5-0.5B-Instruct,,,,,,,99.67,,1024,,,,,,,,,,,256,memsweep,,65402,0.2078,0.2335,,,5.602
11173.23,,,,128,,,,,,,0,/home/etri/jun/bench-gpu/results/Qwen__Qwen2.5-0.5B-Instruct/memsweep/memsweep_007.json,,,,,,,,0.0103,0.01035,,,256,Qwen/Qwen2.5-0.5B-Instruct,,,,,,,95.11,,1024,,,,,,,,,,,256,memsweep,,65399,0.1947,0.2741,,,5.853
11750.47,{},,,128,,,,,,,0,/home/etri/jun/bench-gpu/results/Qwen__Qwen2.5-0.5B-Instruct/memsweep/memsweep_summary.json,,,,,,,,0.01219,0.01226,,,256,Qwen/Qwen2.5-0.5B-Instruct,,,,,,,99.97,,1024,,,,,,,1779262272.3436468,ok,,,256,memsweep,,65480,0.2022,0.2596,,,5.573
11664.83,{'max_model_len': 4096},,,128,,,,,,,0,/home/etri/jun/bench-gpu/results/Qwen__Qwen2.5-0.5B-Instruct/memsweep/memsweep_summary.json,,,,,,,,0.00975,0.00985,,,256,Qwen/Qwen2.5-0.5B-Instruct,,,,,,,99.01,,1024,,,,,,,1779262320.992515,ok,,,256,memsweep,,65492,0.1985,0.2431,,,5.614
11830.85,{'max_model_len': 8192},,,128,,,,,,,0,/home/etri/jun/bench-gpu/results/Qwen__Qwen2.5-0.5B-Instruct/memsweep/memsweep_summary.json,,,,,,,,0.00975,0.00982,,,256,Qwen/Qwen2.5-0.5B-Instruct,,,,,,,100.69,,1024,,,,,,,1779262369.634669,ok,,,256,memsweep,,65477,0.1817,0.2399,,,5.534
11773.87,{'max_model_len': 16384},,,128,,,,,,,0,/home/etri/jun/bench-gpu/results/Qwen__Qwen2.5-0.5B-Instruct/memsweep/memsweep_summary.json,,,,,,,,0.00982,0.0099,,,256,Qwen/Qwen2.5-0.5B-Instruct,,,,,,,100.05,,1024,,,,,,,1779262418.290049,ok,,,256,memsweep,,65525,0.202,0.2577,,,5.565
7794.64,{'max_num_seqs': 64},,,128,,,,,,,0,/home/etri/jun/bench-gpu/results/Qwen__Qwen2.5-0.5B-Instruct/memsweep/memsweep_summary.json,,,,,,,,0.00788,0.00794,,,256,Qwen/Qwen2.5-0.5B-Instruct,,,,,,,126.3,,1024,,,,,,,1779262466.9838562,ok,,,256,memsweep,,65408,2.0484,2.2607,,,8.391
11775.66,{'max_num_seqs': 256},,,128,,,,,,,0,/home/etri/jun/bench-gpu/results/Qwen__Qwen2.5-0.5B-Instruct/memsweep/memsweep_summary.json,,,,,,,,0.00973,0.00976,,,256,Qwen/Qwen2.5-0.5B-Instruct,,,,,,,100.78,,1024,,,,,,,1779262515.3228016,ok,,,256,memsweep,,65364,0.1856,0.2739,,,5.551
11674.1,{'gpu_memory_utilization': 0.85},,,128,,,,,,,0,/home/etri/jun/bench-gpu/results/Qwen__Qwen2.5-0.5B-Instruct/memsweep/memsweep_summary.json,,,,,,,,0.0096,0.0097,,,256,Qwen/Qwen2.5-0.5B-Instruct,,,,,,,99.67,,1024,,,,,,,1779262563.9070356,ok,,,256,memsweep,,65402,0.2078,0.2335,,,5.602
11173.23,{'gpu_memory_utilization': 0.95},,,128,,,,,,,0,/home/etri/jun/bench-gpu/results/Qwen__Qwen2.5-0.5B-Instruct/memsweep/memsweep_summary.json,,,,,,,,0.0103,0.01035,,,256,Qwen/Qwen2.5-0.5B-Instruct,,,,,,,95.11,,1024,,,,,,,1779262612.580438,ok,,,256,memsweep,,65399,0.1947,0.2741,,,5.853
,,[],0,,,"['astropy__astropy-12907', 'astropy__astropy-14182', 'astropy__astropy-14365', 'astropy__astropy-14995', 'astropy__astropy-7746', 'django__django-12915', 'django__django-13551', 'django__django-14016', 'django__django-16139', 'django__django-16527', 'matplotlib__matplotlib-22835', 'matplotlib__matplotlib-24149', 'matplotlib__matplotlib-24970', 'matplotlib__matplotlib-25079', 'matplotlib__matplotlib-25498', 'mwaskom__seaborn-2848', 'mwaskom__seaborn-3010', 'mwaskom__seaborn-3190', 'mwaskom__seaborn-3407', 'pallets__flask-4045', 'pallets__flask-4992', 'pallets__flask-5063', 'psf__requests-1963', 'psf__requests-2674', 'psf__requests-3362', 'psf__requests-863', 'pydata__xarray-3364', 'pydata__xarray-4094', 'pydata__xarray-4493', 'pydata__xarray-5131', 'pylint-dev__pylint-5859', 'pylint-dev__pylint-7080', 'pylint-dev__pylint-7228', 'pylint-dev__pylint-7993', 'pytest-dev__pytest-11148', 'pytest-dev__pytest-5413', 'pytest-dev__pytest-5495', 'pytest-dev__pytest-7373', 'scikit-learn__scikit-learn-13496', 'scikit-learn__scikit-learn-13584', 'scikit-learn__scikit-learn-14087', 'scikit-learn__scikit-learn-25570', 'sphinx-doc__sphinx-10451', 'sphinx-doc__sphinx-11445', 'sphinx-doc__sphinx-8506', 'sphinx-doc__sphinx-8627', 'sympy__sympy-17630', 'sympy__sympy-18532', 'sympy__sympy-21847', 'sympy__sympy-24066']",50,,[],0,,/home/etri/jun/bench-gpu/results/Qwen__Qwen2.5-0.5B-Instruct/swebench/Qwen__Qwen2.5-0.5B-Instruct.Qwen__Qwen2.5-0.5B-Instruct_20260520_150916.json,,,,,[],,,,,,,,,,,,,,,,,,,[],0,,,2,,,"['astropy__astropy-12907', 'astropy__astropy-14182', 'astropy__astropy-14365', 'astropy__astropy-14995', 'astropy__astropy-7746', 'django__django-12915', 'django__django-13551', 'django__django-14016', 'django__django-16139', 'django__django-16527', 'matplotlib__matplotlib-22835', 'matplotlib__matplotlib-24149', 'matplotlib__matplotlib-24970', 'matplotlib__matplotlib-25079', 'matplotlib__matplotlib-25498', 'mwaskom__seaborn-2848', 'mwaskom__seaborn-3010', 'mwaskom__seaborn-3190', 'mwaskom__seaborn-3407', 'pallets__flask-4045', 'pallets__flask-4992', 'pallets__flask-5063', 'psf__requests-1963', 'psf__requests-2674', 'psf__requests-3362', 'psf__requests-863', 'pydata__xarray-3364', 'pydata__xarray-4094', 'pydata__xarray-4493', 'pydata__xarray-5131', 'pylint-dev__pylint-5859', 'pylint-dev__pylint-7080', 'pylint-dev__pylint-7228', 'pylint-dev__pylint-7993', 'pytest-dev__pytest-11148', 'pytest-dev__pytest-5413', 'pytest-dev__pytest-5495', 'pytest-dev__pytest-7373', 'scikit-learn__scikit-learn-13496', 'scikit-learn__scikit-learn-13584', 'scikit-learn__scikit-learn-14087', 'scikit-learn__scikit-learn-25570', 'sphinx-doc__sphinx-10451', 'sphinx-doc__sphinx-11445', 'sphinx-doc__sphinx-8506', 'sphinx-doc__sphinx-8627', 'sympy__sympy-17630', 'sympy__sympy-18532', 'sympy__sympy-21847', 'sympy__sympy-24066']",50,,swebench,50,,,,[],0,
,,[],0,,,"['astropy__astropy-7746', 'matplotlib__matplotlib-24149', 'matplotlib__matplotlib-24970', 'matplotlib__matplotlib-25079', 'mwaskom__seaborn-3407', 'pydata__xarray-4094', 'pydata__xarray-4493', 'scikit-learn__scikit-learn-14087']",8,,"['astropy__astropy-12907', 'astropy__astropy-14182', 'astropy__astropy-14365', 'astropy__astropy-14995', 'django__django-12915', 'django__django-13551', 'django__django-14016', 'django__django-16139', 'django__django-16527', 'matplotlib__matplotlib-22835', 'matplotlib__matplotlib-25498', 'mwaskom__seaborn-2848', 'mwaskom__seaborn-3010', 'mwaskom__seaborn-3190', 'pallets__flask-4045', 'pallets__flask-4992', 'pallets__flask-5063', 'psf__requests-1963', 'psf__requests-2674', 'psf__requests-3362', 'psf__requests-863', 'pydata__xarray-3364', 'pydata__xarray-5131', 'pylint-dev__pylint-5859', 'pylint-dev__pylint-7080', 'pylint-dev__pylint-7228', 'pylint-dev__pylint-7993', 'pytest-dev__pytest-11148', 'pytest-dev__pytest-5413', 'pytest-dev__pytest-5495', 'pytest-dev__pytest-7373', 'scikit-learn__scikit-learn-13496', 'scikit-learn__scikit-learn-13584', 'scikit-learn__scikit-learn-25570', 'sphinx-doc__sphinx-10451', 'sphinx-doc__sphinx-11445', 'sphinx-doc__sphinx-8506', 'sphinx-doc__sphinx-8627', 'sympy__sympy-17630', 'sympy__sympy-18532', 'sympy__sympy-21847', 'sympy__sympy-24066']",42,,/home/etri/jun/bench-gpu/results/Qwen__Qwen2.5-0.5B-Instruct/swebench/Qwen__Qwen2.5-0.5B-Instruct.Qwen__Qwen2.5-0.5B-Instruct_20260520_175014.json,,,,,[],,,,,,,,,,,,,,,,,,,[],0,,,2,,,"['astropy__astropy-12907', 'astropy__astropy-14182', 'astropy__astropy-14365', 'astropy__astropy-14995', 'astropy__astropy-7746', 'django__django-12915', 'django__django-13551', 'django__django-14016', 'django__django-16139', 'django__django-16527', 'matplotlib__matplotlib-22835', 'matplotlib__matplotlib-24149', 'matplotlib__matplotlib-24970', 'matplotlib__matplotlib-25079', 'matplotlib__matplotlib-25498', 'mwaskom__seaborn-2848', 'mwaskom__seaborn-3010', 'mwaskom__seaborn-3190', 'mwaskom__seaborn-3407', 'pallets__flask-4045', 'pallets__flask-4992', 'pallets__flask-5063', 'psf__requests-1963', 'psf__requests-2674', 'psf__requests-3362', 'psf__requests-863', 'pydata__xarray-3364', 'pydata__xarray-4094', 'pydata__xarray-4493', 'pydata__xarray-5131', 'pylint-dev__pylint-5859', 'pylint-dev__pylint-7080', 'pylint-dev__pylint-7228', 'pylint-dev__pylint-7993', 'pytest-dev__pytest-11148', 'pytest-dev__pytest-5413', 'pytest-dev__pytest-5495', 'pytest-dev__pytest-7373', 'scikit-learn__scikit-learn-13496', 'scikit-learn__scikit-learn-13584', 'scikit-learn__scikit-learn-14087', 'scikit-learn__scikit-learn-25570', 'sphinx-doc__sphinx-10451', 'sphinx-doc__sphinx-11445', 'sphinx-doc__sphinx-8506', 'sphinx-doc__sphinx-8627', 'sympy__sympy-17630', 'sympy__sympy-18532', 'sympy__sympy-21847', 'sympy__sympy-24066']",50,,swebench,50,,,,[],0,
,,['django__django-16527'],1,,,"['astropy__astropy-7746', 'matplotlib__matplotlib-24149', 'matplotlib__matplotlib-24970', 'matplotlib__matplotlib-25079', 'pydata__xarray-4094', 'pydata__xarray-4493', 'scikit-learn__scikit-learn-14087']",7,,"['astropy__astropy-12907', 'astropy__astropy-14182', 'astropy__astropy-14365', 'astropy__astropy-14995', 'django__django-12915', 'django__django-13551', 'django__django-14016', 'django__django-16139', 'matplotlib__matplotlib-22835', 'matplotlib__matplotlib-25498', 'mwaskom__seaborn-2848', 'mwaskom__seaborn-3010', 'mwaskom__seaborn-3190', 'mwaskom__seaborn-3407', 'pallets__flask-4045', 'pallets__flask-4992', 'pallets__flask-5063', 'psf__requests-1963', 'psf__requests-2674', 'psf__requests-3362', 'psf__requests-863', 'pydata__xarray-3364', 'pydata__xarray-5131', 'pylint-dev__pylint-5859', 'pylint-dev__pylint-7080', 'pylint-dev__pylint-7228', 'pylint-dev__pylint-7993', 'pytest-dev__pytest-11148', 'pytest-dev__pytest-5413', 'pytest-dev__pytest-5495', 'pytest-dev__pytest-7373', 'scikit-learn__scikit-learn-13496', 'scikit-learn__scikit-learn-13584', 'scikit-learn__scikit-learn-25570', 'sphinx-doc__sphinx-10451', 'sphinx-doc__sphinx-11445', 'sphinx-doc__sphinx-8506', 'sphinx-doc__sphinx-8627', 'sympy__sympy-17630', 'sympy__sympy-18532', 'sympy__sympy-21847', 'sympy__sympy-24066']",42,,/home/etri/jun/bench-gpu/results/Qwen__Qwen2.5-0.5B-Instruct/swebench/Qwen__Qwen2.5-0.5B-Instruct.Qwen__Qwen2.5-0.5B-Instruct_20260521_123053.json,,,,,[],,,,,,,,,,,,,,,,,,,[],0,,,2,,,"['astropy__astropy-12907', 'astropy__astropy-14182', 'astropy__astropy-14365', 'astropy__astropy-14995', 'astropy__astropy-7746', 'django__django-12915', 'django__django-13551', 'django__django-14016', 'django__django-16139', 'django__django-16527', 'matplotlib__matplotlib-22835', 'matplotlib__matplotlib-24149', 'matplotlib__matplotlib-24970', 'matplotlib__matplotlib-25079', 'matplotlib__matplotlib-25498', 'mwaskom__seaborn-2848', 'mwaskom__seaborn-3010', 'mwaskom__seaborn-3190', 'mwaskom__seaborn-3407', 'pallets__flask-4045', 'pallets__flask-4992', 'pallets__flask-5063', 'psf__requests-1963', 'psf__requests-2674', 'psf__requests-3362', 'psf__requests-863', 'pydata__xarray-3364', 'pydata__xarray-4094', 'pydata__xarray-4493', 'pydata__xarray-5131', 'pylint-dev__pylint-5859', 'pylint-dev__pylint-7080', 'pylint-dev__pylint-7228', 'pylint-dev__pylint-7993', 'pytest-dev__pytest-11148', 'pytest-dev__pytest-5413', 'pytest-dev__pytest-5495', 'pytest-dev__pytest-7373', 'scikit-learn__scikit-learn-13496', 'scikit-learn__scikit-learn-13584', 'scikit-learn__scikit-learn-14087', 'scikit-learn__scikit-learn-25570', 'sphinx-doc__sphinx-10451', 'sphinx-doc__sphinx-11445', 'sphinx-doc__sphinx-8506', 'sphinx-doc__sphinx-8627', 'sympy__sympy-17630', 'sympy__sympy-18532', 'sympy__sympy-21847', 'sympy__sympy-24066']",50,,swebench,50,,,,['django__django-16527'],1,
,,['django__django-16527'],1,,,[],0,,"['astropy__astropy-12907', 'astropy__astropy-14182', 'astropy__astropy-14365', 'astropy__astropy-14995', 'django__django-12915', 'django__django-13551', 'django__django-14016', 'django__django-16139', 'matplotlib__matplotlib-22835', 'matplotlib__matplotlib-25498', 'mwaskom__seaborn-2848', 'mwaskom__seaborn-3010', 'mwaskom__seaborn-3190', 'mwaskom__seaborn-3407', 'pallets__flask-4045', 'pallets__flask-4992', 'pallets__flask-5063', 'psf__requests-1963', 'psf__requests-2674', 'psf__requests-3362', 'psf__requests-863', 'pydata__xarray-3364', 'pydata__xarray-5131', 'pylint-dev__pylint-5859', 'pylint-dev__pylint-7080', 'pylint-dev__pylint-7228', 'pylint-dev__pylint-7993', 'pytest-dev__pytest-11148', 'pytest-dev__pytest-5413', 'pytest-dev__pytest-5495', 'pytest-dev__pytest-7373', 'scikit-learn__scikit-learn-13496', 'scikit-learn__scikit-learn-13584', 'scikit-learn__scikit-learn-25570', 'sphinx-doc__sphinx-10451', 'sphinx-doc__sphinx-11445', 'sphinx-doc__sphinx-8506', 'sphinx-doc__sphinx-8627', 'sympy__sympy-17630', 'sympy__sympy-18532', 'sympy__sympy-21847', 'sympy__sympy-24066']",42,,/home/etri/jun/bench-gpu/results/Qwen__Qwen2.5-0.5B-Instruct/swebench/Qwen__Qwen2.5-0.5B-Instruct.Qwen__Qwen2.5-0.5B-Instruct_20260521_132250.json,,,,,[],,,,,,,,,,,,,,,,,,,[],0,,,2,,,"['astropy__astropy-12907', 'astropy__astropy-14182', 'astropy__astropy-14365', 'astropy__astropy-14995', 'django__django-12915', 'django__django-13551', 'django__django-14016', 'django__django-16139', 'django__django-16527', 'matplotlib__matplotlib-22835', 'matplotlib__matplotlib-25498', 'mwaskom__seaborn-2848', 'mwaskom__seaborn-3010', 'mwaskom__seaborn-3190', 'mwaskom__seaborn-3407', 'pallets__flask-4045', 'pallets__flask-4992', 'pallets__flask-5063', 'psf__requests-1963', 'psf__requests-2674', 'psf__requests-3362', 'psf__requests-863', 'pydata__xarray-3364', 'pydata__xarray-5131', 'pylint-dev__pylint-5859', 'pylint-dev__pylint-7080', 'pylint-dev__pylint-7228', 'pylint-dev__pylint-7993', 'pytest-dev__pytest-11148', 'pytest-dev__pytest-5413', 'pytest-dev__pytest-5495', 'pytest-dev__pytest-7373', 'scikit-learn__scikit-learn-13496', 'scikit-learn__scikit-learn-13584', 'scikit-learn__scikit-learn-25570', 'sphinx-doc__sphinx-10451', 'sphinx-doc__sphinx-11445', 'sphinx-doc__sphinx-8506', 'sphinx-doc__sphinx-8627', 'sympy__sympy-17630', 'sympy__sympy-18532', 'sympy__sympy-21847', 'sympy__sympy-24066']",43,,swebench,43,,,,['django__django-16527'],1,
,,,,,,,,,,,,/home/etri/jun/bench-gpu/results/Qwen__Qwen2.5-0.5B-Instruct/swebench/eval_result.json,,,,,,,,,,,,,,,,,,,,,,,"{'total_instances': 43, 'submitted_instances': 43, 'completed_instances': 1, 'resolved_instances': 0, 'unresolved_instances': 1, 'empty_patch_instances': 0, 'error_instances': 42, 'completed_ids': ['django__django-16527'], 'incomplete_ids': [], 'empty_patch_ids': [], 'submitted_ids': ['astropy__astropy-12907', 'astropy__astropy-14182', 'astropy__astropy-14365', 'astropy__astropy-14995', 'django__django-12915', 'django__django-13551', 'django__django-14016', 'django__django-16139', 'django__django-16527', 'matplotlib__matplotlib-22835', 'matplotlib__matplotlib-25498', 'mwaskom__seaborn-2848', 'mwaskom__seaborn-3010', 'mwaskom__seaborn-3190', 'mwaskom__seaborn-3407', 'pallets__flask-4045', 'pallets__flask-4992', 'pallets__flask-5063', 'psf__requests-1963', 'psf__requests-2674', 'psf__requests-3362', 'psf__requests-863', 'pydata__xarray-3364', 'pydata__xarray-5131', 'pylint-dev__pylint-5859', 'pylint-dev__pylint-7080', 'pylint-dev__pylint-7228', 'pylint-dev__pylint-7993', 'pytest-dev__pytest-11148', 'pytest-dev__pytest-5413', 'pytest-dev__pytest-5495', 'pytest-dev__pytest-7373', 'scikit-learn__scikit-learn-13496', 'scikit-learn__scikit-learn-13584', 'scikit-learn__scikit-learn-25570', 'sphinx-doc__sphinx-10451', 'sphinx-doc__sphinx-11445', 'sphinx-doc__sphinx-8506', 'sphinx-doc__sphinx-8627', 'sympy__sympy-17630', 'sympy__sympy-18532', 'sympy__sympy-21847', 'sympy__sympy-24066'], 'resolved_ids': [], 'unresolved_ids': ['django__django-16527'], 'error_ids': ['astropy__astropy-12907', 'astropy__astropy-14182', 'astropy__astropy-14365', 'astropy__astropy-14995', 'django__django-12915', 'django__django-13551', 'django__django-14016', 'django__django-16139', 'matplotlib__matplotlib-22835', 'matplotlib__matplotlib-25498', 'mwaskom__seaborn-2848', 'mwaskom__seaborn-3010', 'mwaskom__seaborn-3190', 'mwaskom__seaborn-3407', 'pallets__flask-4045', 'pallets__flask-4992', 'pallets__flask-5063', 'psf__requests-1963', 'psf__requests-2674', 'psf__requests-3362', 'psf__requests-863', 'pydata__xarray-3364', 'pydata__xarray-5131', 'pylint-dev__pylint-5859', 'pylint-dev__pylint-7080', 'pylint-dev__pylint-7228', 'pylint-dev__pylint-7993', 'pytest-dev__pytest-11148', 'pytest-dev__pytest-5413', 'pytest-dev__pytest-5495', 'pytest-dev__pytest-7373', 'scikit-learn__scikit-learn-13496', 'scikit-learn__scikit-learn-13584', 'scikit-learn__scikit-learn-25570', 'sphinx-doc__sphinx-10451', 'sphinx-doc__sphinx-11445', 'sphinx-doc__sphinx-8506', 'sphinx-doc__sphinx-8627', 'sympy__sympy-17630', 'sympy__sympy-18532', 'sympy__sympy-21847', 'sympy__sympy-24066'], 'schema_version': 2, '_report_file': '/home/etri/jun/bench-gpu/results/Qwen__Qwen2.5-0.5B-Instruct/swebench/Qwen__Qwen2.5-0.5B-Instruct.Qwen__Qwen2.5-0.5B-Instruct_20260521_132250.json'}",,,0,Qwen__Qwen2.5-0.5B-Instruct_20260521_132250,,,,,,,swebench,,,,,,,
,,,,,oracle-subset,,,,,,,/home/etri/jun/bench-gpu/results/Qwen__Qwen2.5-0.5B-Instruct/swebench/swebench_20260520_150911.json,,,,,,"['astropy__astropy-14995', 'django__django-13551', 'matplotlib__matplotlib-24970', 'mwaskom__seaborn-2848', 'pallets__flask-5063', 'psf__requests-1963', 'pydata__xarray-4094', 'pylint-dev__pylint-7080', 'pytest-dev__pytest-5495', 'scikit-learn__scikit-learn-25570', 'sphinx-doc__sphinx-10451', 'sympy__sympy-24066', 'astropy__astropy-7746', 'django__django-16139', 'matplotlib__matplotlib-25079', 'mwaskom__seaborn-3407', 'pallets__flask-4045', 'psf__requests-3362', 'pydata__xarray-3364', 'pylint-dev__pylint-5859', 'pytest-dev__pytest-5413', 'scikit-learn__scikit-learn-13496', 'sphinx-doc__sphinx-8627', 'sympy__sympy-21847', 'astropy__astropy-12907', 'django__django-16527', 'matplotlib__matplotlib-25498', 'mwaskom__seaborn-3190', 'pallets__flask-4992', 'psf__requests-863', 'pydata__xarray-5131', 'pylint-dev__pylint-7228', 'pytest-dev__pytest-7373', 'scikit-learn__scikit-learn-13584', 'sphinx-doc__sphinx-8506', 'sympy__sympy-17630', 'astropy__astropy-14182', 'django__django-12915', 'matplotlib__matplotlib-24149', 'mwaskom__seaborn-3010', 'psf__requests-2674', 'pydata__xarray-4493', 'pylint-dev__pylint-7993', 'pytest-dev__pytest-11148', 'scikit-learn__scikit-learn-14087', 'sphinx-doc__sphinx-11445', 'sympy__sympy-18532', 'astropy__astropy-14365', 'django__django-14016', 'matplotlib__matplotlib-22835']",,,,,,,Qwen/Qwen2.5-0.5B-Instruct,50,,50,,0,,,/home/etri/jun/bench-gpu/results/Qwen__Qwen2.5-0.5B-Instruct/swebench/preds/Qwen__Qwen2.5-0.5B-Instruct__preds.jsonl,,,,,,,,,,,,,swebench,,,,,,,
,,,,,oracle-subset,,,,,,,/home/etri/jun/bench-gpu/results/Qwen__Qwen2.5-0.5B-Instruct/swebench/swebench_20260520_174041.json,,,4.1,7.2,,"['astropy__astropy-14995', 'django__django-13551', 'matplotlib__matplotlib-24970', 'mwaskom__seaborn-2848', 'pallets__flask-5063', 'psf__requests-1963', 'pydata__xarray-4094', 'pylint-dev__pylint-7080', 'pytest-dev__pytest-5495', 'scikit-learn__scikit-learn-25570', 'sphinx-doc__sphinx-10451', 'sympy__sympy-24066', 'astropy__astropy-7746', 'django__django-16139', 'matplotlib__matplotlib-25079', 'mwaskom__seaborn-3407', 'pallets__flask-4045', 'psf__requests-3362', 'pydata__xarray-3364', 'pylint-dev__pylint-5859', 'pytest-dev__pytest-5413', 'scikit-learn__scikit-learn-13496', 'sphinx-doc__sphinx-8627', 'sympy__sympy-21847', 'astropy__astropy-12907', 'django__django-16527', 'matplotlib__matplotlib-25498', 'mwaskom__seaborn-3190', 'pallets__flask-4992', 'psf__requests-863', 'pydata__xarray-5131', 'pylint-dev__pylint-7228', 'pytest-dev__pytest-7373', 'scikit-learn__scikit-learn-13584', 'sphinx-doc__sphinx-8506', 'sympy__sympy-17630', 'astropy__astropy-14182', 'django__django-12915', 'matplotlib__matplotlib-24149', 'mwaskom__seaborn-3010', 'psf__requests-2674', 'pydata__xarray-4493', 'pylint-dev__pylint-7993', 'pytest-dev__pytest-11148', 'scikit-learn__scikit-learn-14087', 'sphinx-doc__sphinx-11445', 'sympy__sympy-18532', 'astropy__astropy-14365', 'django__django-14016', 'matplotlib__matplotlib-22835']",,,,,,,Qwen/Qwen2.5-0.5B-Instruct,8,,50,,42,,,/home/etri/jun/bench-gpu/results/Qwen__Qwen2.5-0.5B-Instruct/swebench/preds/Qwen__Qwen2.5-0.5B-Instruct__preds.jsonl,,,,,,,,,,,,,swebench,,,,,,,
,,,,,oracle-subset,,,,,,,/home/etri/jun/bench-gpu/results/Qwen__Qwen2.5-0.5B-Instruct/swebench/swebench_20260521_122306.json,,,4.3,8.3,,"['astropy__astropy-14995', 'django__django-13551', 'matplotlib__matplotlib-24970', 'mwaskom__seaborn-2848', 'pallets__flask-5063', 'psf__requests-1963', 'pydata__xarray-4094', 'pylint-dev__pylint-7080', 'pytest-dev__pytest-5495', 'scikit-learn__scikit-learn-25570', 'sphinx-doc__sphinx-10451', 'sympy__sympy-24066', 'astropy__astropy-7746', 'django__django-16139', 'matplotlib__matplotlib-25079', 'mwaskom__seaborn-3407', 'pallets__flask-4045', 'psf__requests-3362', 'pydata__xarray-3364', 'pylint-dev__pylint-5859', 'pytest-dev__pytest-5413', 'scikit-learn__scikit-learn-13496', 'sphinx-doc__sphinx-8627', 'sympy__sympy-21847', 'astropy__astropy-12907', 'django__django-16527', 'matplotlib__matplotlib-25498', 'mwaskom__seaborn-3190', 'pallets__flask-4992', 'psf__requests-863', 'pydata__xarray-5131', 'pylint-dev__pylint-7228', 'pytest-dev__pytest-7373', 'scikit-learn__scikit-learn-13584', 'sphinx-doc__sphinx-8506', 'sympy__sympy-17630', 'astropy__astropy-14182', 'django__django-12915', 'matplotlib__matplotlib-24149', 'mwaskom__seaborn-3010', 'psf__requests-2674', 'pydata__xarray-4493', 'pylint-dev__pylint-7993', 'pytest-dev__pytest-11148', 'scikit-learn__scikit-learn-14087', 'sphinx-doc__sphinx-11445', 'sympy__sympy-18532', 'astropy__astropy-14365', 'django__django-14016', 'matplotlib__matplotlib-22835']",,,,,,,Qwen/Qwen2.5-0.5B-Instruct,7,,50,,43,,,/home/etri/jun/bench-gpu/results/Qwen__Qwen2.5-0.5B-Instruct/swebench/preds/Qwen__Qwen2.5-0.5B-Instruct__preds.jsonl,,,,,,,,,,,,,swebench,,,,,,,
,,,,,oracle-subset,,,,,,,/home/etri/jun/bench-gpu/results/Qwen__Qwen2.5-0.5B-Instruct/swebench/swebench_20260521_131512.json,"[{'instance_id': 'matplotlib__matplotlib-24970', 'prompt_tokens': 36001, 'max_input_tokens': 31744, 'requested_tokens': 37025, 'max_model_len': 32768}, {'instance_id': 'pydata__xarray-4094', 'prompt_tokens': 50384, 'max_input_tokens': 31744, 'requested_tokens': 51408, 'max_model_len': 32768}, {'instance_id': 'astropy__astropy-7746', 'prompt_tokens': 43501, 'max_input_tokens': 31744, 'requested_tokens': 44525, 'max_model_len': 32768}, {'instance_id': 'matplotlib__matplotlib-25079', 'prompt_tokens': 36546, 'max_input_tokens': 31744, 'requested_tokens': 37570, 'max_model_len': 32768}, {'instance_id': 'matplotlib__matplotlib-24149', 'prompt_tokens': 110626, 'max_input_tokens': 31744, 'requested_tokens': 111650, 'max_model_len': 32768}, {'instance_id': 'pydata__xarray-4493', 'prompt_tokens': 36583, 'max_input_tokens': 31744, 'requested_tokens': 37607, 'max_model_len': 32768}, {'instance_id': 'scikit-learn__scikit-learn-14087', 'prompt_tokens': 33596, 'max_input_tokens': 31744, 'requested_tokens': 34620, 'max_model_len': 32768}]","['matplotlib__matplotlib-24970', 'pydata__xarray-4094', 'astropy__astropy-7746', 'matplotlib__matplotlib-25079', 'matplotlib__matplotlib-24149', 'pydata__xarray-4493', 'scikit-learn__scikit-learn-14087']",4.1,12.0,,"['astropy__astropy-12907', 'astropy__astropy-14182', 'astropy__astropy-14365', 'astropy__astropy-14995', 'django__django-12915', 'django__django-13551', 'django__django-14016', 'django__django-16139', 'django__django-16527', 'matplotlib__matplotlib-22835', 'matplotlib__matplotlib-25498', 'mwaskom__seaborn-2848', 'mwaskom__seaborn-3010', 'mwaskom__seaborn-3190', 'mwaskom__seaborn-3407', 'pallets__flask-4045', 'pallets__flask-4992', 'pallets__flask-5063', 'psf__requests-1963', 'psf__requests-2674', 'psf__requests-3362', 'psf__requests-863', 'pydata__xarray-3364', 'pydata__xarray-5131', 'pylint-dev__pylint-5859', 'pylint-dev__pylint-7080', 'pylint-dev__pylint-7228', 'pylint-dev__pylint-7993', 'pytest-dev__pytest-11148', 'pytest-dev__pytest-5413', 'pytest-dev__pytest-5495', 'pytest-dev__pytest-7373', 'scikit-learn__scikit-learn-13496', 'scikit-learn__scikit-learn-13584', 'scikit-learn__scikit-learn-25570', 'sphinx-doc__sphinx-10451', 'sphinx-doc__sphinx-11445', 'sphinx-doc__sphinx-8506', 'sphinx-doc__sphinx-8627', 'sympy__sympy-17630', 'sympy__sympy-18532', 'sympy__sympy-21847', 'sympy__sympy-24066']","[{'instance_id': 'astropy__astropy-12907', 'reason': 'hunk line count mismatch old=27/27 new=44/35'}, {'instance_id': 'astropy__astropy-14182', 'reason': 'hunk line count mismatch old=94/27 new=2/35'}, {'instance_id': 'astropy__astropy-14365', 'reason': 'bad hunk line prefix'}, {'instance_id': 'astropy__astropy-14995', 'reason': 'bad hunk line prefix'}, {'instance_id': 'django__django-12915', 'reason': 'hunk line count mismatch old=27/27 new=39/35'}, {'instance_id': 'django__django-13551', 'reason': 'hunk line count mismatch old=38/27 new=46/35'}, {'instance_id': 'django__django-14016', 'reason': 'hunk line count mismatch old=27/27 new=36/35'}, {'instance_id': 'django__django-16527', 'reason': 'hunk line count mismatch old=7/6 new=8/7'}, {'instance_id': 'matplotlib__matplotlib-22835', 'reason': 'bad hunk line prefix'}, {'instance_id': 'matplotlib__matplotlib-25498', 'reason': 'hunk line count mismatch old=25/27 new=29/35'}]",,,31744,32768,1024,Qwen/Qwen2.5-0.5B-Instruct,0,7,43,34,43,50,,/home/etri/jun/bench-gpu/results/Qwen__Qwen2.5-0.5B-Instruct/swebench/preds/Qwen__Qwen2.5-0.5B-Instruct__preds.jsonl,,,,,,,,,,,,,swebench,,,,,,,
252.82,,,,1,,,,,,,0,/home/etri/jun/bench-gpu/results/Qwen__Qwen2.5-0.5B-Instruct/tps/tps_20260518_193159.json,,,,,,,,0.00388,0.00391,,,256,Qwen/Qwen2.5-0.5B-Instruct,,,,,,,257.46,,256,,,,,,,,,,,50,tps,,12793,0.0147,0.0233,,,50.601
256.35,,,,1,,,,,,,0,/home/etri/jun/bench-gpu/results/Qwen__Qwen2.5-0.5B-Instruct/tps/tps_20260518_194052.json,,,,,,,,0.00384,0.00396,,,256,Qwen/Qwen2.5-0.5B-Instruct,,,,,,,260.55,,256,,,,,,,,,,,50,tps,,12796,0.014,0.0159,,,49.917
,,,,1,,,,no successful requests,,,50,/home/etri/jun/bench-gpu/results/Qwen__Qwen2.5-0.5B-Instruct/tps/tps_20260520_143152.json,,,,,,,,,,,,256,Qwen/Qwen2.5-0.5B-Instruct,,,,,,,,,256,,,,,,,,,,,0,tps,,,,,,,0.07255726598668844
,,,,1,,,,no successful requests,,,50,/home/etri/jun/bench-gpu/results/Qwen__Qwen2.5-0.5B-Instruct/tps/tps_20260520_143155.json,,,,,,,,,,,,256,Qwen/Qwen2.5-0.5B-Instruct,,,,,,,,,256,,,,,,,,,,,0,tps,,,,,,,0.07048518702504225
257.8,,,,1,,,,,,,0,/home/etri/jun/bench-gpu/results/Qwen__Qwen2.5-0.5B-Instruct/tps/tps_20260520_163111.json,,,,,,,,0.00382,0.004,,,256,Qwen/Qwen2.5-0.5B-Instruct,,,,,,,261.5,,256,,,,,,,,,,,50,tps,,12790,0.0139,0.0168,,,49.612
247.34,,,,1,,,,,,,0,/home/etri/jun/bench-gpu/results/Qwen__Qwen2.5-0.5B-Instruct/tps/tps_20260520_163922.json,,,,,,,,0.00399,0.00401,,,256,Qwen/Qwen2.5-0.5B-Instruct,,,,,,,250.65,,256,,,,,,,,,,,50,tps,,12798,0.014,0.0147,,,51.742
257.05,,,,1,,,,,,,0,/home/etri/jun/bench-gpu/results/Qwen__Qwen2.5-0.5B-Instruct/sweep/sweep_20260518_194731.json,,,,,,,,0.00383,0.00387,,,256,Qwen/Qwen2.5-0.5B-Instruct,,,,,,,261.13,,256,,,,,,,,,,,50,sweep,,12798,0.0137,0.0219,,,49.787
473.45,,,,2,,,,,,,0,/home/etri/jun/bench-gpu/results/Qwen__Qwen2.5-0.5B-Instruct/sweep/sweep_20260518_194731.json,,,,,,,,0.00416,0.0042,,,256,Qwen/Qwen2.5-0.5B-Instruct,,,,,,,240.49,,256,,,,,,,,,,,50,sweep,,12800,0.0156,0.0223,,,27.036
876.97,,,,4,,,,,,,0,/home/etri/jun/bench-gpu/results/Qwen__Qwen2.5-0.5B-Instruct/sweep/sweep_20260518_194731.json,,,,,,,,0.00431,0.00435,,,256,Qwen/Qwen2.5-0.5B-Instruct,,,,,,,231.91,,256,,,,,,,,,,,50,sweep,,12800,0.0176,0.0273,,,14.596
1565.61,,,,8,,,,,,,0,/home/etri/jun/bench-gpu/results/Qwen__Qwen2.5-0.5B-Instruct/sweep/sweep_20260518_194731.json,,,,,,,,0.00449,0.00455,,,256,Qwen/Qwen2.5-0.5B-Instruct,,,,,,,221.94,,256,,,,,,,,,,,50,sweep,,12793,0.0245,0.0397,,,8.171
3246.59,,,,16,,,,,,,0,/home/etri/jun/bench-gpu/results/Qwen__Qwen2.5-0.5B-Instruct/sweep/sweep_20260518_194731.json,,,,,,,,0.00472,0.00473,,,256,Qwen/Qwen2.5-0.5B-Instruct,,,,,,,211.33,,256,,,,,,,,,,,64,sweep,,16377,0.0469,0.067,,,5.044
5913.47,,,,32,,,,,,,0,/home/etri/jun/bench-gpu/results/Qwen__Qwen2.5-0.5B-Instruct/sweep/sweep_20260518_194731.json,,,,,,,,0.00515,0.00519,,,256,Qwen/Qwen2.5-0.5B-Instruct,,,,,,,193.77,,256,,,,,,,,,,,128,sweep,,32758,0.0492,0.0964,,,5.54
7876.0,,,,64,,,,,,,0,/home/etri/jun/bench-gpu/results/Qwen__Qwen2.5-0.5B-Instruct/sweep/sweep_20260518_194731.json,,,,,,,,0.00785,0.0079,,,256,Qwen/Qwen2.5-0.5B-Instruct,,,,,,,129.31,,256,,,,,,,,,,,256,sweep,,65469,0.0665,0.1441,,,8.312
11874.92,,,,128,,,,,,,0,/home/etri/jun/bench-gpu/results/Qwen__Qwen2.5-0.5B-Instruct/sweep/sweep_20260518_194731.json,,,,,,,,0.00982,0.00988,,,256,Qwen/Qwen2.5-0.5B-Instruct,,,,,,,100.08,,256,,,,,,,,,,,512,sweep,,130858,0.1678,0.2215,,,11.02
254.46,,,,1,,,,,,,0,/home/etri/jun/bench-gpu/results/Qwen__Qwen2.5-0.5B-Instruct/sweep/sweep_20260518_194731.json,,,,,,,,0.00386,0.0039,,,256,Qwen/Qwen2.5-0.5B-Instruct,,,,,,,258.81,,1024,,,,,,,,,,,50,sweep,,12798,0.0169,0.0251,,,50.294
463.18,,,,2,,,,,,,0,/home/etri/jun/bench-gpu/results/Qwen__Qwen2.5-0.5B-Instruct/sweep/sweep_20260518_194731.json,,,,,,,,0.00425,0.0043,,,256,Qwen/Qwen2.5-0.5B-Instruct,,,,,,,235.39,,1024,,,,,,,,,,,50,sweep,,12800,0.0164,0.0203,,,27.635
875.28,,,,4,,,,,,,0,/home/etri/jun/bench-gpu/results/Qwen__Qwen2.5-0.5B-Instruct/sweep/sweep_20260518_194731.json,,,,,,,,0.00431,0.00438,,,256,Qwen/Qwen2.5-0.5B-Instruct,,,,,,,231.85,,1024,,,,,,,,,,,50,sweep,,12800,0.0203,0.0276,,,14.624
1565.72,,,,8,,,,,,,0,/home/etri/jun/bench-gpu/results/Qwen__Qwen2.5-0.5B-Instruct/sweep/sweep_20260518_194731.json,,,,,,,,0.00446,0.00452,,,256,Qwen/Qwen2.5-0.5B-Instruct,,,,,,,223.8,,1024,,,,,,,,,,,50,sweep,,12800,0.0274,0.0444,,,8.175
3216.53,,,,16,,,,,,,0,/home/etri/jun/bench-gpu/results/Qwen__Qwen2.5-0.5B-Instruct/sweep/sweep_20260518_194731.json,,,,,,,,0.00473,0.00474,,,256,Qwen/Qwen2.5-0.5B-Instruct,,,,,,,211.02,,1024,,,,,,,,,,,64,sweep,,16380,0.0566,0.0667,,,5.092
5670.53,,,,32,,,,,,,0,/home/etri/jun/bench-gpu/results/Qwen__Qwen2.5-0.5B-Instruct/sweep/sweep_20260518_194731.json,,,,,,,,0.00528,0.00531,,,256,Qwen/Qwen2.5-0.5B-Instruct,,,,,,,187.34,,1024,,,,,,,,,,,128,sweep,,32745,0.0552,0.1467,,,5.775
7378.66,,,,64,,,,,,,0,/home/etri/jun/bench-gpu/results/Qwen__Qwen2.5-0.5B-Instruct/sweep/sweep_20260518_194731.json,,,,,,,,0.00783,0.00787,,,256,Qwen/Qwen2.5-0.5B-Instruct,,,,,,,128.17,,1024,,,,,,,,,,,256,sweep,,65508,0.0939,0.5324,,,8.878
11699.26,,,,128,,,,,,,0,/home/etri/jun/bench-gpu/results/Qwen__Qwen2.5-0.5B-Instruct/sweep/sweep_20260518_194731.json,,,,,,,,0.00974,0.00985,,,256,Qwen/Qwen2.5-0.5B-Instruct,,,,,,,100.65,,1024,,,,,,,,,,,512,sweep,,130621,0.1957,0.2828,,,11.165
250.77,,,,1,,,,,,,0,/home/etri/jun/bench-gpu/results/Qwen__Qwen2.5-0.5B-Instruct/sweep/sweep_20260518_194731.json,,,,,,,,0.00385,0.00387,,,256,Qwen/Qwen2.5-0.5B-Instruct,,,,,,,259.29,,4096,,,,,,,,,,,50,sweep,,11100,0.0292,0.038,,,44.264
455.53,,,,2,,,,,,,0,/home/etri/jun/bench-gpu/results/Qwen__Qwen2.5-0.5B-Instruct/sweep/sweep_20260518_194731.json,,,,,,,,0.00423,0.00425,,,256,Qwen/Qwen2.5-0.5B-Instruct,,,,,,,235.61,,4096,,,,,,,,,,,50,sweep,,11337,0.0321,0.0391,,,24.887
858.72,,,,4,,,,,,,0,/home/etri/jun/bench-gpu/results/Qwen__Qwen2.5-0.5B-Instruct/sweep/sweep_20260518_194731.json,,,,,,,,0.00429,0.00432,,,256,Qwen/Qwen2.5-0.5B-Instruct,,,,,,,231.8,,4096,,,,,,,,,,,50,sweep,,11153,0.0393,0.0514,,,12.988
1520.2,,,,8,,,,,,,0,/home/etri/jun/bench-gpu/results/Qwen__Qwen2.5-0.5B-Instruct/sweep/sweep_20260518_194731.json,,,,,,,,0.00449,0.00452,,,256,Qwen/Qwen2.5-0.5B-Instruct,,,,,,,220.92,,4096,,,,,,,,,,,50,sweep,,11201,0.0477,0.0869,,,7.368
2929.49,,,,16,,,,,,,0,/home/etri/jun/bench-gpu/results/Qwen__Qwen2.5-0.5B-Instruct/sweep/sweep_20260518_194731.json,,,,,,,,0.00487,0.0049,,,256,Qwen/Qwen2.5-0.5B-Instruct,,,,,,,203.32,,4096,,,,,,,,,,,64,sweep,,14342,0.1077,0.1242,,,4.896
4565.16,,,,32,,,,,,,0,/home/etri/jun/bench-gpu/results/Qwen__Qwen2.5-0.5B-Instruct/sweep/sweep_20260518_194731.json,,,,,,,,0.00622,0.00624,,,256,Qwen/Qwen2.5-0.5B-Instruct,,,,,,,158.93,,4096,,,,,,,,,,,128,sweep,,29144,0.1339,0.2126,,,6.384
7302.93,,,,64,,,,,,,0,/home/etri/jun/bench-gpu/results/Qwen__Qwen2.5-0.5B-Instruct/sweep/sweep_20260518_194731.json,,,,,,,,0.00773,0.00788,,,256,Qwen/Qwen2.5-0.5B-Instruct,,,,,,,126.68,,4096,,,,,,,,,,,256,sweep,,59804,0.1233,0.313,,,8.189
10194.74,,,,128,,,,,,,0,/home/etri/jun/bench-gpu/results/Qwen__Qwen2.5-0.5B-Instruct/sweep/sweep_20260518_194731.json,,,,,,,,0.01023,0.01057,,,256,Qwen/Qwen2.5-0.5B-Instruct,,,,,,,91.74,,4096,,,,,,,,,,,512,sweep,,118435,0.2504,0.7184,,,11.617
,,,,1,,,,no successful requests,,,50,/home/etri/jun/bench-gpu/results/Qwen__Qwen2.5-0.5B-Instruct/sweep/sweep_20260520_143159.json,,,,,,,,,,,,256,Qwen/Qwen2.5-0.5B-Instruct,,,,,,,,,256,,,,,,,,,,,0,sweep,,,,,,,0.07062740498804487
,,,,2,,,,no successful requests,,,50,/home/etri/jun/bench-gpu/results/Qwen__Qwen2.5-0.5B-Instruct/sweep/sweep_20260520_143159.json,,,,,,,,,,,,256,Qwen/Qwen2.5-0.5B-Instruct,,,,,,,,,256,,,,,,,,,,,0,sweep,,,,,,,0.06196621901472099
,,,,4,,,,no successful requests,,,50,/home/etri/jun/bench-gpu/results/Qwen__Qwen2.5-0.5B-Instruct/sweep/sweep_20260520_143159.json,,,,,,,,,,,,256,Qwen/Qwen2.5-0.5B-Instruct,,,,,,,,,256,,,,,,,,,,,0,sweep,,,,,,,0.048008081008447334
,,,,8,,,,no successful requests,,,50,/home/etri/jun/bench-gpu/results/Qwen__Qwen2.5-0.5B-Instruct/sweep/sweep_20260520_143159.json,,,,,,,,,,,,256,Qwen/Qwen2.5-0.5B-Instruct,,,,,,,,,256,,,,,,,,,,,0,sweep,,,,,,,0.04922148000332527
,,,,16,,,,no successful requests,,,64,/home/etri/jun/bench-gpu/results/Qwen__Qwen2.5-0.5B-Instruct/sweep/sweep_20260520_143159.json,,,,,,,,,,,,256,Qwen/Qwen2.5-0.5B-Instruct,,,,,,,,,256,,,,,,,,,,,0,sweep,,,,,,,0.09016063797753304
,,,,32,,,,no successful requests,,,128,/home/etri/jun/bench-gpu/results/Qwen__Qwen2.5-0.5B-Instruct/sweep/sweep_20260520_143159.json,,,,,,,,,,,,256,Qwen/Qwen2.5-0.5B-Instruct,,,,,,,,,256,,,,,,,,,,,0,sweep,,,,,,,0.12462164799217135
,,,,64,,,,no successful requests,,,256,/home/etri/jun/bench-gpu/results/Qwen__Qwen2.5-0.5B-Instruct/sweep/sweep_20260520_143159.json,,,,,,,,,,,,256,Qwen/Qwen2.5-0.5B-Instruct,,,,,,,,,256,,,,,,,,,,,0,sweep,,,,,,,0.25176657299743965
,,,,128,,,,no successful requests,,,512,/home/etri/jun/bench-gpu/results/Qwen__Qwen2.5-0.5B-Instruct/sweep/sweep_20260520_143159.json,,,,,,,,,,,,256,Qwen/Qwen2.5-0.5B-Instruct,,,,,,,,,256,,,,,,,,,,,0,sweep,,,,,,,0.46847825701115653
,,,,1,,,,no successful requests,,,50,/home/etri/jun/bench-gpu/results/Qwen__Qwen2.5-0.5B-Instruct/sweep/sweep_20260520_143159.json,,,,,,,,,,,,256,Qwen/Qwen2.5-0.5B-Instruct,,,,,,,,,1024,,,,,,,,,,,0,sweep,,,,,,,0.0666467470000498
,,,,2,,,,no successful requests,,,50,/home/etri/jun/bench-gpu/results/Qwen__Qwen2.5-0.5B-Instruct/sweep/sweep_20260520_143159.json,,,,,,,,,,,,256,Qwen/Qwen2.5-0.5B-Instruct,,,,,,,,,1024,,,,,,,,,,,0,sweep,,,,,,,0.05932309300987981
,,,,4,,,,no successful requests,,,50,/home/etri/jun/bench-gpu/results/Qwen__Qwen2.5-0.5B-Instruct/sweep/sweep_20260520_143159.json,,,,,,,,,,,,256,Qwen/Qwen2.5-0.5B-Instruct,,,,,,,,,1024,,,,,,,,,,,0,sweep,,,,,,,0.04899324901634827
,,,,8,,,,no successful requests,,,50,/home/etri/jun/bench-gpu/results/Qwen__Qwen2.5-0.5B-Instruct/sweep/sweep_20260520_143159.json,,,,,,,,,,,,256,Qwen/Qwen2.5-0.5B-Instruct,,,,,,,,,1024,,,,,,,,,,,0,sweep,,,,,,,0.04663341800915077
,,,,16,,,,no successful requests,,,64,/home/etri/jun/bench-gpu/results/Qwen__Qwen2.5-0.5B-Instruct/sweep/sweep_20260520_143159.json,,,,,,,,,,,,256,Qwen/Qwen2.5-0.5B-Instruct,,,,,,,,,1024,,,,,,,,,,,0,sweep,,,,,,,0.05787836801027879
,,,,32,,,,no successful requests,,,128,/home/etri/jun/bench-gpu/results/Qwen__Qwen2.5-0.5B-Instruct/sweep/sweep_20260520_143159.json,,,,,,,,,,,,256,Qwen/Qwen2.5-0.5B-Instruct,,,,,,,,,1024,,,,,,,,,,,0,sweep,,,,,,,0.12545671098632738
,,,,64,,,,no successful requests,,,256,/home/etri/jun/bench-gpu/results/Qwen__Qwen2.5-0.5B-Instruct/sweep/sweep_20260520_143159.json,,,,,,,,,,,,256,Qwen/Qwen2.5-0.5B-Instruct,,,,,,,,,1024,,,,,,,,,,,0,sweep,,,,,,,0.22878271102672443
,,,,128,,,,no successful requests,,,512,/home/etri/jun/bench-gpu/results/Qwen__Qwen2.5-0.5B-Instruct/sweep/sweep_20260520_143159.json,,,,,,,,,,,,256,Qwen/Qwen2.5-0.5B-Instruct,,,,,,,,,1024,,,,,,,,,,,0,sweep,,,,,,,0.5070821369881742
,,,,1,,,,no successful requests,,,50,/home/etri/jun/bench-gpu/results/Qwen__Qwen2.5-0.5B-Instruct/sweep/sweep_20260520_143159.json,,,,,,,,,,,,256,Qwen/Qwen2.5-0.5B-Instruct,,,,,,,,,4096,,,,,,,,,,,0,sweep,,,,,,,0.08101761198486201
,,,,2,,,,no successful requests,,,50,/home/etri/jun/bench-gpu/results/Qwen__Qwen2.5-0.5B-Instruct/sweep/sweep_20260520_143159.json,,,,,,,,,,,,256,Qwen/Qwen2.5-0.5B-Instruct,,,,,,,,,4096,,,,,,,,,,,0,sweep,,,,,,,0.07482158500351943
,,,,4,,,,no successful requests,,,50,/home/etri/jun/bench-gpu/results/Qwen__Qwen2.5-0.5B-Instruct/sweep/sweep_20260520_143159.json,,,,,,,,,,,,256,Qwen/Qwen2.5-0.5B-Instruct,,,,,,,,,4096,,,,,,,,,,,0,sweep,,,,,,,0.05355201699421741
,,,,8,,,,no successful requests,,,50,/home/etri/jun/bench-gpu/results/Qwen__Qwen2.5-0.5B-Instruct/sweep/sweep_20260520_143159.json,,,,,,,,,,,,256,Qwen/Qwen2.5-0.5B-Instruct,,,,,,,,,4096,,,,,,,,,,,0,sweep,,,,,,,0.050847676990088075
,,,,16,,,,no successful requests,,,64,/home/etri/jun/bench-gpu/results/Qwen__Qwen2.5-0.5B-Instruct/sweep/sweep_20260520_143159.json,,,,,,,,,,,,256,Qwen/Qwen2.5-0.5B-Instruct,,,,,,,,,4096,,,,,,,,,,,0,sweep,,,,,,,0.06133077898994088
,,,,32,,,,no successful requests,,,128,/home/etri/jun/bench-gpu/results/Qwen__Qwen2.5-0.5B-Instruct/sweep/sweep_20260520_143159.json,,,,,,,,,,,,256,Qwen/Qwen2.5-0.5B-Instruct,,,,,,,,,4096,,,,,,,,,,,0,sweep,,,,,,,0.14420987199991941
,,,,64,,,,no successful requests,,,256,/home/etri/jun/bench-gpu/results/Qwen__Qwen2.5-0.5B-Instruct/sweep/sweep_20260520_143159.json,,,,,,,,,,,,256,Qwen/Qwen2.5-0.5B-Instruct,,,,,,,,,4096,,,,,,,,,,,0,sweep,,,,,,,0.23954936800873838
,,,,128,,,,no successful requests,,,512,/home/etri/jun/bench-gpu/results/Qwen__Qwen2.5-0.5B-Instruct/sweep/sweep_20260520_143159.json,,,,,,,,,,,,256,Qwen/Qwen2.5-0.5B-Instruct,,,,,,,,,4096,,,,,,,,,,,0,sweep,,,,,,,0.5215246340085287
249.8,,,,1,,,,,,,0,/home/etri/jun/bench-gpu/results/Qwen__Qwen2.5-0.5B-Instruct/sweep/sweep_20260520_164613.json,,,,,,,,0.00393,0.004,,,256,Qwen/Qwen2.5-0.5B-Instruct,,,,,,,254.14,,256,,,,,,,,,,,50,sweep,,12797,0.0137,0.0154,,,51.229
450.88,,,,2,,,,,,,0,/home/etri/jun/bench-gpu/results/Qwen__Qwen2.5-0.5B-Instruct/sweep/sweep_20260520_164613.json,,,,,,,,0.00438,0.00441,,,256,Qwen/Qwen2.5-0.5B-Instruct,,,,,,,228.25,,256,,,,,,,,,,,50,sweep,,12800,0.0153,0.0168,,,28.389
838.21,,,,4,,,,,,,0,/home/etri/jun/bench-gpu/results/Qwen__Qwen2.5-0.5B-Instruct/sweep/sweep_20260520_164613.json,,,,,,,,0.00446,0.00474,,,256,Qwen/Qwen2.5-0.5B-Instruct,,,,,,,223.83,,256,,,,,,,,,,,50,sweep,,12800,0.0193,0.0272,,,15.271
1525.27,,,,8,,,,,,,0,/home/etri/jun/bench-gpu/results/Qwen__Qwen2.5-0.5B-Instruct/sweep/sweep_20260520_164613.json,,,,,,,,0.00463,0.00464,,,256,Qwen/Qwen2.5-0.5B-Instruct,,,,,,,215.73,,256,,,,,,,,,,,50,sweep,,12800,0.0264,0.0418,,,8.392
3106.33,,,,16,,,,,,,0,/home/etri/jun/bench-gpu/results/Qwen__Qwen2.5-0.5B-Instruct/sweep/sweep_20260520_164613.json,,,,,,,,0.00486,0.00506,,,256,Qwen/Qwen2.5-0.5B-Instruct,,,,,,,204.58,,256,,,,,,,,,,,64,sweep,,16384,0.0488,0.0765,,,5.274
5627.55,,,,32,,,,,,,0,/home/etri/jun/bench-gpu/results/Qwen__Qwen2.5-0.5B-Instruct/sweep/sweep_20260520_164613.json,,,,,,,,0.00542,0.0055,,,256,Qwen/Qwen2.5-0.5B-Instruct,,,,,,,184.3,,256,,,,,,,,,,,128,sweep,,32758,0.0458,0.1141,,,5.821
7705.24,,,,64,,,,,,,0,/home/etri/jun/bench-gpu/results/Qwen__Qwen2.5-0.5B-Instruct/sweep/sweep_20260520_164613.json,,,,,,,,0.00794,0.00798,,,256,Qwen/Qwen2.5-0.5B-Instruct,,,,,,,126.69,,256,,,,,,,,,,,256,sweep,,65468,0.0609,0.1504,,,8.497
11759.91,,,,128,,,,,,,0,/home/etri/jun/bench-gpu/results/Qwen__Qwen2.5-0.5B-Instruct/sweep/sweep_20260520_164613.json,,,,,,,,0.00993,0.01009,,,256,Qwen/Qwen2.5-0.5B-Instruct,,,,,,,98.92,,256,,,,,,,,,,,512,sweep,,130846,0.157,0.2105,,,11.126
246.44,,,,1,,,,,,,0,/home/etri/jun/bench-gpu/results/Qwen__Qwen2.5-0.5B-Instruct/sweep/sweep_20260520_164613.json,,,,,,,,0.00399,0.00401,,,256,Qwen/Qwen2.5-0.5B-Instruct,,,,,,,250.29,,1024,,,,,,,,,,,50,sweep,,12798,0.0165,0.0198,,,51.932
443.39,,,,2,,,,,,,0,/home/etri/jun/bench-gpu/results/Qwen__Qwen2.5-0.5B-Instruct/sweep/sweep_20260520_164613.json,,,,,,,,0.00444,0.00447,,,256,Qwen/Qwen2.5-0.5B-Instruct,,,,,,,225.34,,1024,,,,,,,,,,,50,sweep,,12800,0.018,0.0208,,,28.868
837.75,,,,4,,,,,,,0,/home/etri/jun/bench-gpu/results/Qwen__Qwen2.5-0.5B-Instruct/sweep/sweep_20260520_164613.json,,,,,,,,0.0045,0.00455,,,256,Qwen/Qwen2.5-0.5B-Instruct,,,,,,,222.26,,1024,,,,,,,,,,,50,sweep,,12800,0.0217,0.0327,,,15.279
1489.52,,,,8,,,,,,,0,/home/etri/jun/bench-gpu/results/Qwen__Qwen2.5-0.5B-Instruct/sweep/sweep_20260520_164613.json,,,,,,,,0.00473,0.00475,,,256,Qwen/Qwen2.5-0.5B-Instruct,,,,,,,211.55,,1024,,,,,,,,,,,50,sweep,,12800,0.0277,0.0492,,,8.593
3102.85,,,,16,,,,,,,0,/home/etri/jun/bench-gpu/results/Qwen__Qwen2.5-0.5B-Instruct/sweep/sweep_20260520_164613.json,,,,,,,,0.0049,0.00492,,,256,Qwen/Qwen2.5-0.5B-Instruct,,,,,,,203.58,,1024,,,,,,,,,,,64,sweep,,16379,0.0563,0.0739,,,5.279
5619.56,,,,32,,,,,,,0,/home/etri/jun/bench-gpu/results/Qwen__Qwen2.5-0.5B-Instruct/sweep/sweep_20260520_164613.json,,,,,,,,0.00528,0.00537,,,256,Qwen/Qwen2.5-0.5B-Instruct,,,,,,,185.33,,1024,,,,,,,,,,,128,sweep,,32694,0.0569,0.1316,,,5.818
7287.07,,,,64,,,,,,,0,/home/etri/jun/bench-gpu/results/Qwen__Qwen2.5-0.5B-Instruct/sweep/sweep_20260520_164613.json,,,,,,,,0.00792,0.00798,,,256,Qwen/Qwen2.5-0.5B-Instruct,,,,,,,125.86,,1024,,,,,,,,,,,256,sweep,,65520,0.0837,0.6215,,,8.991
11537.22,,,,128,,,,,,,0,/home/etri/jun/bench-gpu/results/Qwen__Qwen2.5-0.5B-Instruct/sweep/sweep_20260520_164613.json,,,,,,,,0.01001,0.01009,,,256,Qwen/Qwen2.5-0.5B-Instruct,,,,,,,97.72,,1024,,,,,,,,,,,512,sweep,,130922,0.1884,0.2748,,,11.348
243.15,,,,1,,,,,,,0,/home/etri/jun/bench-gpu/results/Qwen__Qwen2.5-0.5B-Instruct/sweep/sweep_20260520_164613.json,,,,,,,,0.00397,0.004,,,256,Qwen/Qwen2.5-0.5B-Instruct,,,,,,,250.66,,4096,,,,,,,,,,,50,sweep,,11099,0.0291,0.0302,,,45.647
439.49,,,,2,,,,,,,0,/home/etri/jun/bench-gpu/results/Qwen__Qwen2.5-0.5B-Instruct/sweep/sweep_20260520_164613.json,,,,,,,,0.00441,0.00449,,,256,Qwen/Qwen2.5-0.5B-Instruct,,,,,,,225.99,,4096,,,,,,,,,,,50,sweep,,11159,0.0251,0.0328,,,25.391
827.82,,,,4,,,,,,,0,/home/etri/jun/bench-gpu/results/Qwen__Qwen2.5-0.5B-Instruct/sweep/sweep_20260520_164613.json,,,,,,,,0.00446,0.00454,,,256,Qwen/Qwen2.5-0.5B-Instruct,,,,,,,222.77,,4096,,,,,,,,,,,50,sweep,,11185,0.0324,0.051,,,13.511
1477.04,,,,8,,,,,,,0,/home/etri/jun/bench-gpu/results/Qwen__Qwen2.5-0.5B-Instruct/sweep/sweep_20260520_164613.json,,,,,,,,0.00466,0.00468,,,256,Qwen/Qwen2.5-0.5B-Instruct,,,,,,,212.89,,4096,,,,,,,,,,,50,sweep,,11155,0.041,0.0773,,,7.552
2857.02,,,,16,,,,,,,0,/home/etri/jun/bench-gpu/results/Qwen__Qwen2.5-0.5B-Instruct/sweep/sweep_20260520_164613.json,,,,,,,,0.00495,0.00496,,,256,Qwen/Qwen2.5-0.5B-Instruct,,,,,,,199.74,,4096,,,,,,,,,,,64,sweep,,14798,0.0916,0.124,,,5.18
4589.33,,,,32,,,,,,,0,/home/etri/jun/bench-gpu/results/Qwen__Qwen2.5-0.5B-Instruct/sweep/sweep_20260520_164613.json,,,,,,,,0.00627,0.0063,,,256,Qwen/Qwen2.5-0.5B-Instruct,,,,,,,156.56,,4096,,,,,,,,,,,128,sweep,,29393,0.1169,0.1963,,,6.405
7143.1,,,,64,,,,,,,0,/home/etri/jun/bench-gpu/results/Qwen__Qwen2.5-0.5B-Instruct/sweep/sweep_20260520_164613.json,,,,,,,,0.00797,0.008,,,256,Qwen/Qwen2.5-0.5B-Instruct,,,,,,,122.88,,4096,,,,,,,,,,,256,sweep,,59427,0.1077,0.2815,,,8.319
10502.53,,,,128,,,,,,,0,/home/etri/jun/bench-gpu/results/Qwen__Qwen2.5-0.5B-Instruct/sweep/sweep_20260520_164613.json,,,,,,,,0.00998,0.01023,,,256,Qwen/Qwen2.5-0.5B-Instruct,,,,,,,95.27,,4096,,,,,,,,,,,512,sweep,,120249,0.2057,0.4722,,,11.45
